,股票名称,股票代码,识别日期,最新日期,形态识别,左底id,左底价格,右底id,右底价格,中顶id,中顶价格,收盘价格,颈线价格,首次突破,突破幅度,当日涨幅,突破放量,当前成交量-手,平均成交量-手,最大盈利id,最大盈利价格,最大盈利比例%,最大亏损id,最大亏损价格,最大亏损比例%
0,江铃汽车,000550.SZ,2022-05-08 00:00:00,2022-04-15 00:00:00,True,2022-03-15 00:00:00,12.73,2022-04-13 00:00:00,12.68,2022-03-28 00:00:00,14.35,,,,False,,,,,,,,,,
1,西部超导,688122.SH,2022-05-08 00:00:00,2022-04-15 00:00:00,True,2022-02-22 00:00:00,74.14,2022-04-15 00:00:00,74.52,2022-04-01 00:00:00,88.68,,,,False,,,,,,,,,,
2,大通燃气,000593.SZ,2022-05-08 00:00:00,2022-04-15 00:00:00,True,2022-03-15 00:00:00,5.45,2022-04-15 00:00:00,5.44,2022-03-21 00:00:00,5.92,,,,False,,,,,,,,,,
3,浙版传媒,601921.SH,2022-05-08 00:00:00,2022-04-15 00:00:00,True,2022-03-15 00:00:00,8.04,2022-04-15 00:00:00,7.9,2022-04-06 00:00:00,8.39,,,,False,,,,,,,,,,
4,融捷股份,002192.SZ,2022-05-08 00:00:00,2022-04-15 00:00:00,True,2022-03-15 00:00:00,100.99,2022-04-12 00:00:00,99.8,2022-03-22 00:00:00,130.87,,,,False,,,,,,,,,,
5,安诺其,300067.SZ,2022-05-08 00:00:00,2022-04-15 00:00:00,True,2022-03-15 00:00:00,3.68,2022-04-15 00:00:00,3.61,2022-03-21 00:00:00,3.97,,,,False,,,,,,,,,,
6,人民同泰,600829.SH,2022-05-08 00:00:00,2022-04-15 00:00:00,True,2022-02-24 00:00:00,6.15,2022-03-15 00:00:00,6.24,2022-03-10 00:00:00,6.89,,,,False,,,,,,,,,,
7,当升科技,300073.SZ,2022-05-08 00:00:00,2022-04-15 00:00:00,True,2022-03-08 00:00:00,69.6,2022-04-15 00:00:00,69.46,2022-03-21 00:00:00,84.26,,,,False,,,,,,,,,,
8,爱玛科技,603529.SH,2022-05-08 00:00:00,2022-04-15 00:00:00,True,2022-03-09 00:00:00,34.52,2022-03-15 00:00:00,34.9,2022-03-14 00:00:00,37.15,43.93,37.15,,True,,,,,,,,,,
9,盛洋科技,603703.SH,2022-05-08 00:00:00,2022-04-15 00:00:00,True,2022-03-15 00:00:00,17.27,2022-04-13 00:00:00,17.18,2022-03-23 00:00:00,21.13,,,,False,,,,,,,,,,
10,倍加洁,603059.SH,2022-05-08 00:00:00,2022-04-15 00:00:00,True,2022-03-15 00:00:00,19.5,2022-04-15 00:00:00,19.45,2022-04-06 00:00:00,20.93,,,,False,,,,,,,,,,
11,保变电气,600550.SH,2022-05-08 00:00:00,2022-04-15 00:00:00,True,2022-03-15 00:00:00,5.02,2022-04-15 00:00:00,4.95,2022-03-31 00:00:00,6.14,,,,False,,,,,,,,,,
12,卓郎智能,600545.SH,2022-05-08 00:00:00,2022-04-15 00:00:00,True,2022-03-09 00:00:00,2.86,2022-03-11 00:00:00,2.88,2022-03-10 00:00:00,2.9,3.07,2.9,,True,,,,,,,,,,
13,克劳斯,600579.SH,2022-05-08 00:00:00,2022-04-15 00:00:00,True,2022-03-15 00:00:00,6.1,2022-04-15 00:00:00,6.09,2022-03-31 00:00:00,6.51,,,,False,,,,,,,,,,
14,和远气体,002971.SZ,2022-05-08 00:00:00,2022-04-15 00:00:00,True,2022-03-09 00:00:00,19.6,2022-04-15 00:00:00,19.23,2022-03-21 00:00:00,24.03,,,,False,,,,,,,,,,
15,祥鑫科技,002965.SZ,2022-05-08 00:00:00,2022-04-15 00:00:00,True,2022-03-15 00:00:00,22.55,2022-04-11 00:00:00,22.2,2022-03-18 00:00:00,25.96,,,,False,,,,,,,,,,
16,南天信息,000948.SZ,2022-05-08 00:00:00,2022-04-15 00:00:00,True,2022-03-15 00:00:00,13.7,2022-03-29 00:00:00,13.55,2022-03-23 00:00:00,14.52,,,,False,,,,,,,,,,
17,兴发集团,600141.SH,2022-05-08 00:00:00,2022-04-15 00:00:00,True,2022-03-17 00:00:00,33.46,2022-03-31 00:00:00,33.23,2022-03-29 00:00:00,35.83,,,,False,,,,,,,,,,
18,恒誉环保,688309.SH,2022-05-08 00:00:00,2022-04-15 00:00:00,True,2022-03-15 00:00:00,14.25,2022-04-15 00:00:00,14.07,2022-03-22 00:00:00,15.43,,,,False,,,,,,,,,,
19,健康元,600380.SH,2022-05-08 00:00:00,2022-04-15 00:00:00,True,2022-03-15 00:00:00,11.14,2022-04-13 00:00:00,11.0,2022-03-24 00:00:00,12.55,,,,False,,,,,,,,,,
20,永悦科技,603879.SH,2022-05-08 00:00:00,2022-04-15 00:00:00,True,2022-03-15 00:00:00,6.06,2022-04-15 00:00:00,6.01,2022-03-21 00:00:00,6.44,,,,False,,,,,,,,,,
21,通源环境,688679.SH,2022-05-08 00:00:00,2022-04-15 00:00:00,True,2022-03-15 00:00:00,11.18,2022-04-15 00:00:00,11.06,2022-03-23 00:00:00,11.92,,,,False,,,,,,,,,,
22,齐翔腾达,002408.SZ,2022-05-08 00:00:00,2022-04-15 00:00:00,True,2022-03-15 00:00:00,8.22,2022-04-15 00:00:00,8.17,2022-03-17 00:00:00,8.82,,,,False,,,,,,,,,,
23,创元科技,000551.SZ,2022-05-08 00:00:00,2022-04-15 00:00:00,True,2022-03-15 00:00:00,8.13,2022-04-11 00:00:00,8.08,2022-03-23 00:00:00,9.21,,,,False,,,,,,,,,,
24,聚辰股份,688123.SH,2022-05-08 00:00:00,2022-04-15 00:00:00,True,2022-02-18 00:00:00,71.13,2022-04-13 00:00:00,70.19,2022-02-28 00:00:00,84.9,,,,False,,,,,,,,,,
25,柯力传感,603662.SH,2022-05-08 00:00:00,2022-04-15 00:00:00,True,2022-03-15 00:00:00,18.67,2022-04-15 00:00:00,18.44,2022-04-08 00:00:00,19.97,,,,False,,,,,,,,,,
26,富春股份,300299.SZ,2022-05-08 00:00:00,2022-04-15 00:00:00,True,2022-02-28 00:00:00,5.71,2022-03-15 00:00:00,5.82,2022-03-11 00:00:00,6.32,6.62,6.32,,True,,,,,,,,,,
27,苏州科达,603660.SH,2022-05-08 00:00:00,2022-04-15 00:00:00,True,2022-03-09 00:00:00,6.21,2022-04-15 00:00:00,6.17,2022-03-23 00:00:00,7.77,,,,False,,,,,,,,,,
28,精伦电子,600355.SH,2022-05-08 00:00:00,2022-04-15 00:00:00,True,2022-03-09 00:00:00,3.09,2022-03-10 00:00:00,3.13,2022-03-10 00:00:00,3.13,,,,False,,,,,,,,,,
29,冠豪高新,600433.SH,2022-05-08 00:00:00,2022-04-15 00:00:00,True,2022-03-15 00:00:00,3.41,2022-04-15 00:00:00,3.38,2022-04-06 00:00:00,3.72,,,,False,,,,,,,,,,
30,启迪药业,000590.SZ,2022-05-08 00:00:00,2022-04-15 00:00:00,True,2022-02-17 00:00:00,8.64,2022-04-15 00:00:00,8.52,2022-04-06 00:00:00,10.55,,,,False,,,,,,,,,,
31,哈工智能,000584.SZ,2022-05-08 00:00:00,2022-04-15 00:00:00,True,2022-02-17 00:00:00,5.3,2022-04-15 00:00:00,5.32,2022-03-22 00:00:00,6.85,,,,False,,,,,,,,,,
32,力生制药,002393.SZ,2022-05-08 00:00:00,2022-04-15 00:00:00,True,2022-02-17 00:00:00,20.8,2022-04-15 00:00:00,21.07,2022-03-14 00:00:00,27.03,,,,False,,,,,,,,,,
33,冠石科技,605588.SH,2022-05-08 00:00:00,2022-04-15 00:00:00,True,2022-03-15 00:00:00,31.54,2022-04-11 00:00:00,31.33,2022-03-21 00:00:00,36.74,,,,False,,,,,,,,,,
34,深南电A,000037.SZ,2022-05-08 00:00:00,2022-04-15 00:00:00,True,2022-03-15 00:00:00,6.2,2022-04-15 00:00:00,6.19,2022-03-18 00:00:00,7.0,,,,False,,,,,,,,,,
35,瑞和股份,002620.SZ,2022-05-08 00:00:00,2022-04-15 00:00:00,True,2022-02-24 00:00:00,5.46,2022-04-15 00:00:00,5.45,2022-03-18 00:00:00,7.68,,,,False,,,,,,,,,,
36,甘咨询,000779.SZ,2022-05-08 00:00:00,2022-04-15 00:00:00,True,2022-03-07 00:00:00,10.2,2022-03-14 00:00:00,10.2,2022-03-10 00:00:00,11.19,,,,False,,,,,,,,,,
37,盐湖股份,000792.SZ,2022-05-08 00:00:00,2022-04-15 00:00:00,True,2022-03-15 00:00:00,28.7,2022-04-15 00:00:00,28.58,2022-03-29 00:00:00,32.05,,,,False,,,,,,,,,,
38,八方股份,603489.SH,2022-05-08 00:00:00,2022-04-15 00:00:00,True,2022-03-09 00:00:00,153.97,2022-04-15 00:00:00,154.4,2022-03-24 00:00:00,185.3,,,,False,,,,,,,,,,
39,国立科技,300716.SZ,2022-05-08 00:00:00,2022-04-15 00:00:00,True,2022-02-17 00:00:00,9.08,2022-04-15 00:00:00,9.15,2022-03-21 00:00:00,10.68,,,,False,,,,,,,,,,
40,优彩资源,002998.SZ,2022-05-08 00:00:00,2022-04-15 00:00:00,True,2022-03-15 00:00:00,7.39,2022-04-15 00:00:00,7.32,2022-04-06 00:00:00,7.97,,,,False,,,,,,,,,,
41,第一创业,002797.SZ,2022-05-08 00:00:00,2022-04-15 00:00:00,True,2022-03-15 00:00:00,5.68,2022-04-11 00:00:00,5.67,2022-03-18 00:00:00,6.04,,,,False,,,,,,,,,,
42,ST北文,000802.SZ,2022-05-08 00:00:00,2022-04-15 00:00:00,True,2022-03-09 00:00:00,3.72,2022-03-10 00:00:00,3.77,2022-03-10 00:00:00,3.77,,,,False,,,,,,,,,,
43,侨银股份,002973.SZ,2022-05-08 00:00:00,2022-04-15 00:00:00,True,2022-03-15 00:00:00,11.82,2022-04-15 00:00:00,11.78,2022-03-22 00:00:00,12.59,,,,False,,,,,,,,,,
44,华大基因,300676.SZ,2022-05-08 00:00:00,2022-04-15 00:00:00,True,2022-03-08 00:00:00,76.92,2022-04-15 00:00:00,76.02,2022-03-14 00:00:00,98.32,,,,False,,,,,,,,,,
45,辉隆股份,002556.SZ,2022-05-08 00:00:00,2022-04-15 00:00:00,True,2022-03-15 00:00:00,10.95,2022-04-15 00:00:00,10.88,2022-03-21 00:00:00,11.35,,,,False,,,,,,,,,,
46,壹石通,688733.SH,2022-05-08 00:00:00,2022-04-15 00:00:00,True,2022-03-09 00:00:00,58.22,2022-04-14 00:00:00,57.23,2022-03-21 00:00:00,70.55,,,,False,,,,,,,,,,
47,德宏股份,603701.SH,2022-05-08 00:00:00,2022-04-15 00:00:00,True,2022-03-15 00:00:00,8.74,2022-04-15 00:00:00,8.57,2022-03-31 00:00:00,9.31,,,,False,,,,,,,,,,
48,普路通,002769.SZ,2022-05-08 00:00:00,2022-04-15 00:00:00,True,2022-03-23 00:00:00,6.42,2022-03-24 00:00:00,6.4,2022-03-23 00:00:00,6.42,6.79,6.42,,True,,,,,,,,,,
49,创源股份,300703.SZ,2022-05-08 00:00:00,2022-04-15 00:00:00,True,2022-03-15 00:00:00,9.02,2022-04-15 00:00:00,8.94,2022-03-25 00:00:00,10.4,,,,False,,,,,,,,,,
50,华东医药,000963.SZ,2022-05-08 00:00:00,2022-04-15 00:00:00,True,2022-03-15 00:00:00,30.78,2022-04-11 00:00:00,30.28,2022-03-24 00:00:00,33.81,,,,False,,,,,,,,,,
51,华信新材,300717.SZ,2022-05-08 00:00:00,2022-04-15 00:00:00,True,2022-03-15 00:00:00,13.65,2022-04-15 00:00:00,13.49,2022-03-21 00:00:00,14.79,,,,False,,,,,,,,,,
52,南山智尚,300918.SZ,2022-05-08 00:00:00,2022-04-15 00:00:00,True,2022-03-15 00:00:00,9.77,2022-04-07 00:00:00,9.6,2022-03-21 00:00:00,10.1,,,,False,,,,,,,,,,
53,华升股份,600156.SH,2022-05-08 00:00:00,2022-04-15 00:00:00,True,2022-02-24 00:00:00,4.1,2022-03-10 00:00:00,4.18,2022-03-02 00:00:00,4.47,,,,False,,,,,,,,,,
54,复旦复华,600624.SH,2022-05-08 00:00:00,2022-04-15 00:00:00,True,2022-03-09 00:00:00,6.1,2022-03-10 00:00:00,6.21,2022-03-10 00:00:00,6.21,,,,False,,,,,,,,,,
55,三生国健,688336.SH,2022-05-08 00:00:00,2022-04-15 00:00:00,True,2022-03-09 00:00:00,16.45,2022-04-15 00:00:00,16.63,2022-04-06 00:00:00,18.16,,,,False,,,,,,,,,,
56,*ST新光,002147.SZ,2022-05-08 00:00:00,2022-04-15 00:00:00,True,2022-02-24 00:00:00,4.02,2022-04-11 00:00:00,4.05,2022-03-09 00:00:00,4.71,,,,False,,,,,,,,,,
57,三德科技,300515.SZ,2022-05-08 00:00:00,2022-04-15 00:00:00,True,2022-03-15 00:00:00,9.88,2022-04-15 00:00:00,9.76,2022-04-06 00:00:00,10.77,,,,False,,,,,,,,,,
58,健帆生物,300529.SZ,2022-05-08 00:00:00,2022-04-15 00:00:00,True,2022-03-08 00:00:00,42.34,2022-03-15 00:00:00,42.43,2022-03-11 00:00:00,44.75,,,,False,,,,,,,,,,
59,天原股份,002386.SZ,2022-05-08 00:00:00,2022-04-15 00:00:00,True,2022-03-15 00:00:00,9.83,2022-04-15 00:00:00,9.71,2022-03-30 00:00:00,10.62,,,,False,,,,,,,,,,
60,恒林股份,603661.SH,2022-05-08 00:00:00,2022-04-15 00:00:00,True,2022-03-15 00:00:00,35.52,2022-04-15 00:00:00,35.15,2022-03-24 00:00:00,37.6,,,,False,,,,,,,,,,
61,金能科技,603113.SH,2022-05-08 00:00:00,2022-04-15 00:00:00,True,2022-03-15 00:00:00,12.12,2022-04-11 00:00:00,11.89,2022-03-18 00:00:00,12.75,,,,False,,,,,,,,,,
62,片仔癀,600436.SH,2022-05-08 00:00:00,2022-04-15 00:00:00,True,2022-03-15 00:00:00,298.18,2022-04-11 00:00:00,296.0,2022-03-30 00:00:00,319.91,,,,False,,,,,,,,,,
63,昊华科技,600378.SH,2022-05-08 00:00:00,2022-04-15 00:00:00,True,2022-03-15 00:00:00,34.23,2022-04-15 00:00:00,34.1,2022-03-24 00:00:00,41.65,,,,False,,,,,,,,,,
64,东宏股份,603856.SH,2022-05-08 00:00:00,2022-04-15 00:00:00,True,2022-03-23 00:00:00,13.49,2022-03-29 00:00:00,13.23,2022-03-28 00:00:00,13.58,14.01,13.58,,True,,,,,,,,,,
65,盈峰环境,000967.SZ,2022-05-08 00:00:00,2022-04-15 00:00:00,True,2022-03-15 00:00:00,4.97,2022-04-15 00:00:00,4.93,2022-03-18 00:00:00,5.25,,,,False,,,,,,,,,,
66,旗天科技,300061.SZ,2022-05-08 00:00:00,2022-04-15 00:00:00,True,2022-03-15 00:00:00,8.42,2022-03-25 00:00:00,8.34,2022-03-17 00:00:00,9.03,,,,False,,,,,,,,,,
67,纳思达,002180.SZ,2022-05-08 00:00:00,2022-04-15 00:00:00,True,2022-03-15 00:00:00,40.09,2022-04-12 00:00:00,39.71,2022-03-24 00:00:00,44.56,,,,False,,,,,,,,,,
68,福瑞股份,300049.SZ,2022-05-08 00:00:00,2022-04-15 00:00:00,True,2022-02-18 00:00:00,11.61,2022-04-15 00:00:00,11.49,2022-03-18 00:00:00,13.94,,,,False,,,,,,,,,,
69,九州通,600998.SH,2022-05-08 00:00:00,2022-04-15 00:00:00,True,2022-03-09 00:00:00,12.31,2022-03-15 00:00:00,12.38,2022-03-14 00:00:00,13.31,,,,False,,,,,,,,,,
70,新中港,605162.SH,2022-05-08 00:00:00,2022-04-15 00:00:00,True,2022-03-15 00:00:00,9.42,2022-04-15 00:00:00,9.36,2022-03-22 00:00:00,10.78,,,,False,,,,,,,,,,
71,富春染织,605189.SH,2022-05-08 00:00:00,2022-04-15 00:00:00,True,2022-03-15 00:00:00,22.44,2022-03-29 00:00:00,22.22,2022-03-21 00:00:00,23.37,,,,False,,,,,,,,,,
72,五方光电,002962.SZ,2022-05-08 00:00:00,2022-04-15 00:00:00,True,2022-03-15 00:00:00,10.2,2022-04-15 00:00:00,10.05,2022-04-06 00:00:00,11.22,,,,False,,,,,,,,,,
73,龙利得,300883.SZ,2022-05-08 00:00:00,2022-04-15 00:00:00,True,2022-03-15 00:00:00,6.71,2022-04-15 00:00:00,6.69,2022-04-06 00:00:00,7.28,,,,False,,,,,,,,,,
74,达意隆,002209.SZ,2022-05-08 00:00:00,2022-04-15 00:00:00,True,2022-03-15 00:00:00,6.8,2022-04-15 00:00:00,6.77,2022-03-21 00:00:00,7.89,,,,False,,,,,,,,,,
75,金鸿顺,603922.SH,2022-05-08 00:00:00,2022-04-15 00:00:00,True,2022-03-09 00:00:00,18.77,2022-03-10 00:00:00,18.85,2022-03-10 00:00:00,18.85,23.6,18.85,,True,,,,,,,,,,
76,西陇科学,002584.SZ,2022-05-08 00:00:00,2022-04-15 00:00:00,True,2022-02-17 00:00:00,8.43,2022-04-13 00:00:00,8.41,2022-03-15 00:00:00,11.16,,,,False,,,,,,,,,,
77,佳华科技,688051.SH,2022-05-08 00:00:00,2022-04-15 00:00:00,True,2022-03-15 00:00:00,33.98,2022-04-15 00:00:00,33.73,2022-03-31 00:00:00,38.36,,,,False,,,,,,,,,,
78,莫高股份,600543.SH,2022-05-08 00:00:00,2022-04-15 00:00:00,True,2022-02-17 00:00:00,6.21,2022-04-11 00:00:00,6.16,2022-03-17 00:00:00,6.9,,,,False,,,,,,,,,,
79,中航电测,300114.SZ,2022-05-08 00:00:00,2022-04-15 00:00:00,True,2022-03-15 00:00:00,12.85,2022-03-29 00:00:00,12.79,2022-03-23 00:00:00,13.63,,,,False,,,,,,,,,,
80,ST银河,000806.SZ,2022-05-08 00:00:00,2022-04-15 00:00:00,True,2022-03-23 00:00:00,1.94,2022-03-29 00:00:00,1.93,2022-03-24 00:00:00,1.98,2.26,1.98,,True,,,,,,,,,,
81,丰原药业,000153.SZ,2022-05-08 00:00:00,2022-04-15 00:00:00,True,2022-03-15 00:00:00,8.31,2022-04-15 00:00:00,8.18,2022-03-31 00:00:00,9.55,,,,False,,,,,,,,,,
82,龙津药业,002750.SZ,2022-05-08 00:00:00,2022-04-15 00:00:00,True,2022-03-09 00:00:00,12.29,2022-03-15 00:00:00,12.32,2022-03-11 00:00:00,13.62,14.85,13.62,,True,,,,,,,,,,
83,华电国际,600027.SH,2022-05-08 00:00:00,2022-04-15 00:00:00,True,2022-03-15 00:00:00,3.41,2022-04-13 00:00:00,3.35,2022-03-18 00:00:00,3.74,,,,False,,,,,,,,,,
84,长源电力,000966.SZ,2022-05-08 00:00:00,2022-04-15 00:00:00,True,2022-03-15 00:00:00,5.46,2022-04-13 00:00:00,5.4,2022-03-21 00:00:00,6.37,,,,False,,,,,,,,,,
85,风语筑,603466.SH,2022-05-08 00:00:00,2022-04-15 00:00:00,True,2022-03-15 00:00:00,19.67,2022-04-15 00:00:00,19.4,2022-04-06 00:00:00,24.29,,,,False,,,,,,,,,,
86,依顿电子,603328.SH,2022-05-08 00:00:00,2022-04-15 00:00:00,True,2022-03-15 00:00:00,6.18,2022-04-15 00:00:00,6.07,2022-03-21 00:00:00,6.46,,,,False,,,,,,,,,,
87,汇创达,300909.SZ,2022-05-08 00:00:00,2022-04-15 00:00:00,True,2022-03-15 00:00:00,39.14,2022-03-29 00:00:00,38.39,2022-03-22 00:00:00,41.03,,,,False,,,,,,,,,,
88,三丰智能,300276.SZ,2022-05-08 00:00:00,2022-04-15 00:00:00,True,2022-03-09 00:00:00,4.02,2022-03-15 00:00:00,4.08,2022-03-14 00:00:00,4.26,,,,False,,,,,,,,,,
89,中南传媒,601098.SH,2022-05-08 00:00:00,2022-04-15 00:00:00,True,2022-03-09 00:00:00,9.25,2022-03-15 00:00:00,9.25,2022-03-14 00:00:00,9.8,,,,False,,,,,,,,,,
90,亚宝药业,600351.SH,2022-05-08 00:00:00,2022-04-15 00:00:00,True,2022-02-17 00:00:00,6.89,2022-03-15 00:00:00,7.01,2022-03-02 00:00:00,7.91,,,,False,,,,,,,,,,
91,南卫股份,603880.SH,2022-05-08 00:00:00,2022-04-15 00:00:00,True,2022-03-09 00:00:00,5.93,2022-04-15 00:00:00,5.98,2022-03-25 00:00:00,6.72,,,,False,,,,,,,,,,
92,安图生物,603658.SH,2022-05-08 00:00:00,2022-04-15 00:00:00,True,2022-03-09 00:00:00,44.3,2022-04-11 00:00:00,44.22,2022-03-11 00:00:00,49.82,,,,False,,,,,,,,,,
93,华贸物流,603128.SH,2022-05-08 00:00:00,2022-04-15 00:00:00,True,2022-03-09 00:00:00,10.72,2022-03-15 00:00:00,10.87,2022-03-11 00:00:00,11.8,,,,False,,,,,,,,,,
94,*ST赫美,002356.SZ,2022-05-08 00:00:00,2022-04-15 00:00:00,True,2022-03-08 00:00:00,3.89,2022-03-22 00:00:00,3.94,2022-03-11 00:00:00,4.06,4.61,4.06,,True,,,,,,,,,,
95,研奥股份,300923.SZ,2022-05-08 00:00:00,2022-04-15 00:00:00,True,2022-03-15 00:00:00,24.44,2022-04-15 00:00:00,24.25,2022-03-23 00:00:00,27.7,,,,False,,,,,,,,,,
96,文化长城,300089.SZ,2022-05-08 00:00:00,2022-04-15 00:00:00,True,2022-02-17 00:00:00,3.63,2022-04-15 00:00:00,3.68,2022-03-10 00:00:00,4.12,,,,False,,,,,,,,,,
97,长城电工,600192.SH,2022-05-08 00:00:00,2022-04-15 00:00:00,True,2022-02-17 00:00:00,4.98,2022-04-15 00:00:00,4.94,2022-03-17 00:00:00,6.88,,,,False,,,,,,,,,,
98,GQY视讯,300076.SZ,2022-05-08 00:00:00,2022-04-15 00:00:00,True,2022-03-15 00:00:00,4.73,2022-04-15 00:00:00,4.7,2022-04-06 00:00:00,5.51,,,,False,,,,,,,,,,
99,中科三环,000970.SZ,2022-05-08 00:00:00,2022-04-15 00:00:00,True,2022-03-15 00:00:00,11.28,2022-04-11 00:00:00,11.18,2022-03-23 00:00:00,12.63,,,,False,,,,,,,,,,
100,旺能环境,002034.SZ,2022-05-08 00:00:00,2022-04-15 00:00:00,True,2022-03-15 00:00:00,18.26,2022-03-29 00:00:00,18.2,2022-03-18 00:00:00,19.35,,,,False,,,,,,,,,,
101,N兴股份,002752.SZ,2022-05-08 00:00:00,2022-04-15 00:00:00,True,2022-03-15 00:00:00,4.72,2022-04-15 00:00:00,4.64,2022-03-21 00:00:00,5.07,,,,False,,,,,,,,,,
102,东方证券,600958.SH,2022-05-08 00:00:00,2022-04-15 00:00:00,True,2022-03-15 00:00:00,10.33,2022-04-11 00:00:00,10.27,2022-03-16 00:00:00,11.22,,,,False,,,,,,,,,,
103,深圳燃气,601139.SH,2022-05-08 00:00:00,2022-04-15 00:00:00,True,2022-03-15 00:00:00,6.94,2022-04-15 00:00:00,6.87,2022-03-23 00:00:00,7.31,,,,False,,,,,,,,,,
104,华旺科技,605377.SH,2022-05-08 00:00:00,2022-04-15 00:00:00,True,2022-03-15 00:00:00,17.01,2022-04-15 00:00:00,16.73,2022-03-30 00:00:00,18.65,,,,False,,,,,,,,,,
105,天地科技,600582.SH,2022-05-08 00:00:00,2022-04-15 00:00:00,True,2022-02-28 00:00:00,4.08,2022-03-16 00:00:00,4.16,2022-03-07 00:00:00,4.59,,,,False,,,,,,,,,,
106,宜安科技,300328.SZ,2022-05-08 00:00:00,2022-04-15 00:00:00,True,2022-03-15 00:00:00,7.39,2022-04-11 00:00:00,7.29,2022-03-21 00:00:00,8.2,8.69,8.2,,True,,,,,,,,,,
107,浙商证券,601878.SH,2022-05-08 00:00:00,2022-04-15 00:00:00,True,2022-03-10 00:00:00,10.29,2022-03-29 00:00:00,10.2,2022-03-16 00:00:00,10.95,,,,False,,,,,,,,,,
108,瑞松科技,688090.SH,2022-05-08 00:00:00,2022-04-15 00:00:00,True,2022-03-15 00:00:00,26.66,2022-04-15 00:00:00,26.33,2022-03-21 00:00:00,28.4,,,,False,,,,,,,,,,
109,保立佳,301037.SZ,2022-05-08 00:00:00,2022-04-15 00:00:00,True,2022-03-15 00:00:00,21.0,2022-04-15 00:00:00,20.8,2022-03-22 00:00:00,23.36,,,,False,,,,,,,,,,
110,光明乳业,600597.SH,2022-05-08 00:00:00,2022-04-15 00:00:00,True,2022-03-15 00:00:00,11.01,2022-04-08 00:00:00,10.96,2022-03-23 00:00:00,11.86,,,,False,,,,,,,,,,
111,长方集团,300301.SZ,2022-05-08 00:00:00,2022-04-15 00:00:00,True,2022-03-15 00:00:00,2.73,2022-04-15 00:00:00,2.68,2022-03-21 00:00:00,3.07,,,,False,,,,,,,,,,
112,长龄液压,605389.SH,2022-05-08 00:00:00,2022-04-15 00:00:00,True,2022-03-15 00:00:00,39.01,2022-04-15 00:00:00,38.91,2022-04-08 00:00:00,41.04,,,,False,,,,,,,,,,
113,ST中珠,600568.SH,2022-05-08 00:00:00,2022-04-15 00:00:00,True,2022-03-15 00:00:00,1.66,2022-03-28 00:00:00,1.64,2022-03-23 00:00:00,1.73,,,,False,,,,,,,,,,
114,尚荣医疗,002551.SZ,2022-05-08 00:00:00,2022-04-15 00:00:00,True,2022-03-09 00:00:00,4.8,2022-03-15 00:00:00,4.81,2022-03-11 00:00:00,5.14,,,,False,,,,,,,,,,
115,金鹰股份,600232.SH,2022-05-08 00:00:00,2022-04-15 00:00:00,True,2022-03-15 00:00:00,5.44,2022-04-15 00:00:00,5.41,2022-03-25 00:00:00,6.17,,,,False,,,,,,,,,,
116,ST瀚叶,600226.SH,2022-05-08 00:00:00,2022-04-15 00:00:00,True,2022-02-24 00:00:00,2.11,2022-03-15 00:00:00,2.13,2022-03-07 00:00:00,2.29,,,,False,,,,,,,,,,
117,科思股份,300856.SZ,2022-05-08 00:00:00,2022-04-15 00:00:00,True,2022-03-15 00:00:00,40.61,2022-04-07 00:00:00,40.0,2022-03-18 00:00:00,43.91,,,,False,,,,,,,,,,
118,上港集团,600018.SH,2022-05-08 00:00:00,2022-04-15 00:00:00,True,2022-03-08 00:00:00,5.31,2022-03-25 00:00:00,5.41,2022-03-16 00:00:00,5.72,6.19,5.72,,True,,,,,,,,,,
119,创兴资源,600193.SH,2022-05-08 00:00:00,2022-04-15 00:00:00,True,2022-03-15 00:00:00,5.39,2022-04-11 00:00:00,5.31,2022-04-06 00:00:00,5.76,,,,False,,,,,,,,,,
120,东安动力,600178.SH,2022-05-08 00:00:00,2022-04-15 00:00:00,True,2022-03-15 00:00:00,6.59,2022-04-11 00:00:00,6.5,2022-03-23 00:00:00,7.08,,,,False,,,,,,,,,,
121,宏力达,688330.SH,2022-05-08 00:00:00,2022-04-15 00:00:00,True,2022-03-09 00:00:00,104.66,2022-03-14 00:00:00,105.3,2022-03-11 00:00:00,109.99,,,,False,,,,,,,,,,
122,有研粉材,688456.SH,2022-05-08 00:00:00,2022-04-15 00:00:00,True,2022-03-15 00:00:00,23.8,2022-04-14 00:00:00,23.35,2022-03-17 00:00:00,25.2,,,,False,,,,,,,,,,
123,瑞丰银行,601528.SH,2022-05-08 00:00:00,2022-04-15 00:00:00,True,2022-03-15 00:00:00,9.2,2022-03-29 00:00:00,9.09,2022-03-22 00:00:00,9.57,10.28,9.57,,True,,,,,,,,,,
124,航天工程,603698.SH,2022-05-08 00:00:00,2022-04-15 00:00:00,True,2022-03-15 00:00:00,12.85,2022-04-11 00:00:00,12.75,2022-03-23 00:00:00,13.99,,,,False,,,,,,,,,,
125,绿田机械,605259.SH,2022-05-08 00:00:00,2022-04-15 00:00:00,True,2022-03-09 00:00:00,27.97,2022-04-15 00:00:00,28.0,2022-03-22 00:00:00,30.26,,,,False,,,,,,,,,,
126,久立特材,002318.SZ,2022-05-08 00:00:00,2022-04-15 00:00:00,True,2022-03-15 00:00:00,14.35,2022-04-13 00:00:00,14.14,2022-03-23 00:00:00,15.4,,,,False,,,,,,,,,,
127,理邦仪器,300206.SZ,2022-05-08 00:00:00,2022-04-15 00:00:00,True,2022-03-09 00:00:00,10.59,2022-04-15 00:00:00,10.58,2022-04-06 00:00:00,11.85,,,,False,,,,,,,,,,
128,东贝集团,601956.SH,2022-05-08 00:00:00,2022-04-15 00:00:00,True,2022-03-09 00:00:00,6.01,2022-04-15 00:00:00,5.98,2022-03-11 00:00:00,6.85,,,,False,,,,,,,,,,
129,京东方A,000725.SZ,2022-05-08 00:00:00,2022-04-15 00:00:00,True,2022-03-15 00:00:00,4.12,2022-04-11 00:00:00,4.08,2022-03-30 00:00:00,4.35,,,,False,,,,,,,,,,
130,赛隆药业,002898.SZ,2022-05-08 00:00:00,2022-04-15 00:00:00,True,2022-02-24 00:00:00,10.99,2022-04-15 00:00:00,11.08,2022-03-25 00:00:00,15.8,,,,False,,,,,,,,,,
131,华达科技,603358.SH,2022-05-08 00:00:00,2022-04-15 00:00:00,True,2022-03-09 00:00:00,19.19,2022-03-15 00:00:00,19.25,2022-03-14 00:00:00,20.0,21.05,20.0,,True,,,,,,,,,,
132,行动教育,605098.SH,2022-05-08 00:00:00,2022-04-15 00:00:00,True,2022-03-15 00:00:00,44.7,2022-04-15 00:00:00,44.42,2022-04-06 00:00:00,52.0,,,,False,,,,,,,,,,
133,尚品宅配,300616.SZ,2022-05-08 00:00:00,2022-04-15 00:00:00,True,2022-03-15 00:00:00,29.79,2022-04-13 00:00:00,29.72,2022-03-22 00:00:00,34.49,,,,False,,,,,,,,,,
134,金花股份,600080.SH,2022-05-08 00:00:00,2022-04-15 00:00:00,True,2022-03-09 00:00:00,7.41,2022-03-10 00:00:00,7.53,2022-03-10 00:00:00,7.53,7.77,7.53,,True,,,,,,,,,,
135,大名城,600094.SH,2022-05-08 00:00:00,2022-04-15 00:00:00,True,2022-02-24 00:00:00,3.57,2022-03-15 00:00:00,3.57,2022-03-09 00:00:00,3.78,3.99,3.78,,True,,,,,,,,,,
136,通源石油,300164.SZ,2022-05-08 00:00:00,2022-04-15 00:00:00,True,2022-02-18 00:00:00,5.05,2022-04-15 00:00:00,5.0,2022-03-03 00:00:00,8.64,,,,False,,,,,,,,,,
137,三角轮胎,601163.SH,2022-05-08 00:00:00,2022-04-15 00:00:00,True,2022-03-15 00:00:00,12.07,2022-04-11 00:00:00,12.04,2022-03-23 00:00:00,12.48,,,,False,,,,,,,,,,
138,联化科技,002250.SZ,2022-05-08 00:00:00,2022-04-15 00:00:00,True,2022-03-23 00:00:00,13.34,2022-03-28 00:00:00,13.11,2022-03-23 00:00:00,13.34,,,,False,,,,,,,,,,
139,奥飞娱乐,002292.SZ,2022-05-08 00:00:00,2022-04-15 00:00:00,True,2022-03-15 00:00:00,4.7,2022-04-15 00:00:00,4.64,2022-04-06 00:00:00,5.23,,,,False,,,,,,,,,,
140,保龄宝,002286.SZ,2022-05-08 00:00:00,2022-04-15 00:00:00,True,2022-03-15 00:00:00,11.03,2022-04-11 00:00:00,10.82,2022-03-30 00:00:00,12.29,,,,False,,,,,,,,,,
141,菲达环保,600526.SH,2022-05-08 00:00:00,2022-04-15 00:00:00,True,2022-03-15 00:00:00,5.49,2022-04-15 00:00:00,5.46,2022-04-06 00:00:00,6.7,,,,False,,,,,,,,,,
142,飞凯材料,300398.SZ,2022-05-08 00:00:00,2022-04-15 00:00:00,True,2022-02-22 00:00:00,24.09,2022-04-13 00:00:00,23.88,2022-03-10 00:00:00,31.75,,,,False,,,,,,,,,,
143,国电南自,600268.SH,2022-05-08 00:00:00,2022-04-15 00:00:00,True,2022-03-15 00:00:00,7.92,2022-04-13 00:00:00,7.83,2022-03-23 00:00:00,9.03,,,,False,,,,,,,,,,
144,高能环境,603588.SH,2022-05-08 00:00:00,2022-04-15 00:00:00,True,2022-03-15 00:00:00,14.8,2022-03-29 00:00:00,14.7,2022-03-18 00:00:00,16.03,,,,False,,,,,,,,,,
145,天山股份,000877.SZ,2022-05-08 00:00:00,2022-04-15 00:00:00,True,2022-03-15 00:00:00,12.66,2022-03-29 00:00:00,12.59,2022-03-18 00:00:00,14.03,,,,False,,,,,,,,,,
146,贵州燃气,600903.SH,2022-05-08 00:00:00,2022-04-15 00:00:00,True,2022-03-15 00:00:00,7.77,2022-04-11 00:00:00,7.66,2022-04-01 00:00:00,8.17,,,,False,,,,,,,,,,
147,百洋股份,002696.SZ,2022-05-08 00:00:00,2022-04-15 00:00:00,True,2022-03-09 00:00:00,5.54,2022-03-15 00:00:00,5.65,2022-03-11 00:00:00,5.95,6.15,5.95,,True,,,,,,,,,,
148,锦江在线,600650.SH,2022-05-08 00:00:00,2022-04-15 00:00:00,True,2022-03-09 00:00:00,9.41,2022-03-15 00:00:00,9.42,2022-03-11 00:00:00,10.11,10.54,10.11,,True,,,,,,,,,,
149,天正电气,605066.SH,2022-05-08 00:00:00,2022-04-15 00:00:00,True,2022-03-15 00:00:00,8.79,2022-04-15 00:00:00,8.75,2022-04-06 00:00:00,9.37,,,,False,,,,,,,,,,
150,地铁设计,003013.SZ,2022-05-08 00:00:00,2022-04-15 00:00:00,True,2022-03-15 00:00:00,17.12,2022-04-15 00:00:00,16.94,2022-03-21 00:00:00,18.35,,,,False,,,,,,,,,,
151,茶花股份,603615.SH,2022-05-08 00:00:00,2022-04-15 00:00:00,True,2022-03-15 00:00:00,7.81,2022-04-15 00:00:00,7.76,2022-04-06 00:00:00,8.14,,,,False,,,,,,,,,,
152,健之佳,605266.SH,2022-05-08 00:00:00,2022-04-15 00:00:00,True,2022-03-15 00:00:00,60.81,2022-04-15 00:00:00,60.5,2022-03-31 00:00:00,63.93,,,,False,,,,,,,,,,
153,荣晟环保,603165.SH,2022-05-08 00:00:00,2022-04-15 00:00:00,True,2022-02-24 00:00:00,15.45,2022-03-17 00:00:00,15.6,2022-03-02 00:00:00,18.1,,,,False,,,,,,,,,,
154,岭南控股,000524.SZ,2022-05-08 00:00:00,2022-04-15 00:00:00,True,2022-02-17 00:00:00,8.77,2022-03-14 00:00:00,8.83,2022-03-09 00:00:00,10.52,10.92,10.52,,True,,,,,,,,,,
155,罗普斯金,002333.SZ,2022-05-08 00:00:00,2022-04-15 00:00:00,True,2022-02-28 00:00:00,5.24,2022-04-15 00:00:00,5.19,2022-03-16 00:00:00,6.11,,,,False,,,,,,,,,,
156,上海亚虹,603159.SH,2022-05-08 00:00:00,2022-04-15 00:00:00,True,2022-03-15 00:00:00,13.22,2022-03-28 00:00:00,13.15,2022-03-18 00:00:00,13.77,,,,False,,,,,,,,,,
157,四环生物,000518.SZ,2022-05-08 00:00:00,2022-04-15 00:00:00,True,2022-02-17 00:00:00,3.27,2022-03-15 00:00:00,3.31,2022-03-03 00:00:00,3.57,,,,False,,,,,,,,,,
158,八亿时空,688181.SH,2022-05-08 00:00:00,2022-04-15 00:00:00,True,2022-03-15 00:00:00,39.9,2022-03-25 00:00:00,39.82,2022-03-18 00:00:00,41.57,,,,False,,,,,,,,,,
159,腾景科技,688195.SH,2022-05-08 00:00:00,2022-04-15 00:00:00,True,2022-03-15 00:00:00,19.14,2022-04-15 00:00:00,19.1,2022-04-01 00:00:00,24.16,,,,False,,,,,,,,,,
160,集友股份,603429.SH,2022-05-08 00:00:00,2022-04-15 00:00:00,True,2022-03-16 00:00:00,19.05,2022-04-11 00:00:00,18.83,2022-03-28 00:00:00,20.83,,,,False,,,,,,,,,,
161,航天科技,000901.SZ,2022-05-08 00:00:00,2022-04-15 00:00:00,True,2022-03-15 00:00:00,8.59,2022-04-11 00:00:00,8.51,2022-03-23 00:00:00,9.24,,,,False,,,,,,,,,,
162,葛洲坝,600068.SH,2022-05-08 00:00:00,2021-09-01 00:00:00,True,2021-07-09 00:00:00,7.9,2021-07-28 00:00:00,7.95,2021-07-16 00:00:00,8.15,9.93,8.15,,True,,,,,,,,,,
163,中泰化学,002092.SZ,2022-05-08 00:00:00,2022-04-15 00:00:00,True,2022-03-23 00:00:00,9.17,2022-03-25 00:00:00,9.02,2022-03-23 00:00:00,9.17,9.56,9.17,,True,,,,,,,,,,
164,康泰生物,300601.SZ,2022-05-08 00:00:00,2022-04-15 00:00:00,True,2022-03-09 00:00:00,71.14,2022-03-10 00:00:00,72.43,2022-03-10 00:00:00,72.43,80.94,72.43,,True,,,,,,,,,,
165,开创国际,600097.SH,2022-05-08 00:00:00,2022-04-15 00:00:00,True,2022-03-09 00:00:00,10.83,2022-04-15 00:00:00,10.68,2022-03-30 00:00:00,13.87,,,,False,,,,,,,,,,
166,长源东谷,603950.SH,2022-05-08 00:00:00,2022-04-15 00:00:00,True,2022-03-15 00:00:00,14.95,2022-04-15 00:00:00,14.81,2022-03-28 00:00:00,16.05,,,,False,,,,,,,,,,
167,汇中股份,300371.SZ,2022-05-08 00:00:00,2022-04-15 00:00:00,True,2022-03-15 00:00:00,13.44,2022-04-15 00:00:00,13.18,2022-03-22 00:00:00,14.93,,,,False,,,,,,,,,,
168,悦安新材,688786.SH,2022-05-08 00:00:00,2022-04-15 00:00:00,True,2022-03-15 00:00:00,36.68,2022-03-29 00:00:00,36.33,2022-03-21 00:00:00,39.54,,,,False,,,,,,,,,,
169,C果麦,301052.SZ,2022-05-08 00:00:00,2022-04-15 00:00:00,True,2022-03-09 00:00:00,27.19,2022-03-10 00:00:00,27.32,2022-03-10 00:00:00,27.32,32.45,27.32,,True,,,,,,,,,,
170,上海医药,601607.SH,2022-05-08 00:00:00,2022-04-15 00:00:00,True,2022-03-09 00:00:00,17.9,2022-03-15 00:00:00,18.25,2022-03-11 00:00:00,19.33,,,,False,,,,,,,,,,
171,永安行,603776.SH,2022-05-08 00:00:00,2022-04-15 00:00:00,True,2022-03-15 00:00:00,13.75,2022-04-15 00:00:00,13.53,2022-03-23 00:00:00,15.94,,,,False,,,,,,,,,,
172,佛燃能源,002911.SZ,2022-05-08 00:00:00,2022-04-15 00:00:00,True,2022-03-15 00:00:00,9.26,2022-04-11 00:00:00,9.24,2022-03-23 00:00:00,9.93,,,,False,,,,,,,,,,
173,长城证券,002939.SZ,2022-05-08 00:00:00,2022-04-15 00:00:00,True,2022-03-15 00:00:00,9.3,2022-03-29 00:00:00,9.25,2022-03-16 00:00:00,9.89,10.28,9.89,True,True,2.0854,True,94050635,31389714.974358976,,,,,,
174,亿联网络,300628.SZ,2022-05-08 00:00:00,2022-04-15 00:00:00,True,2022-02-22 00:00:00,73.0,2022-04-15 00:00:00,73.03,2022-03-07 00:00:00,80.86,,,,False,,,,,,,,,,
175,美年健康,002044.SZ,2022-05-08 00:00:00,2022-04-15 00:00:00,True,2022-03-15 00:00:00,5.65,2022-04-11 00:00:00,5.61,2022-04-06 00:00:00,6.15,,,,False,,,,,,,,,,
176,前沿生物-U,688221.SH,2022-05-08 00:00:00,2022-04-15 00:00:00,True,2022-02-17 00:00:00,15.41,2022-04-13 00:00:00,15.63,2022-03-21 00:00:00,21.4,,,,False,,,,,,,,,,
177,迈瑞医疗,300760.SZ,2022-05-08 00:00:00,2022-04-15 00:00:00,True,2022-03-09 00:00:00,286.96,2022-03-29 00:00:00,288.42,2022-03-17 00:00:00,321.0,340.8,321.0,True,True,3.5866,True,4489679,3807722.794871795,,,,,,
178,伟隆股份,002871.SZ,2022-05-08 00:00:00,2022-04-15 00:00:00,True,2022-03-15 00:00:00,9.69,2022-04-15 00:00:00,9.6,2022-04-06 00:00:00,11.01,,,,False,,,,,,,,,,
179,同达创业,600647.SH,2022-05-08 00:00:00,2022-04-15 00:00:00,True,2022-03-09 00:00:00,14.1,2022-03-15 00:00:00,14.14,2022-03-11 00:00:00,15.0,,,,False,,,,,,,,,,
180,紫鑫药业,002118.SZ,2022-05-08 00:00:00,2022-04-15 00:00:00,True,2022-02-17 00:00:00,2.96,2022-04-15 00:00:00,3.01,2022-03-25 00:00:00,3.61,,,,False,,,,,,,,,,
181,冠捷科技,000727.SZ,2022-05-08 00:00:00,2022-04-15 00:00:00,True,2022-03-15 00:00:00,2.38,2022-04-11 00:00:00,2.34,2022-03-21 00:00:00,2.52,,,,False,,,,,,,,,,
182,震裕科技,300953.SZ,2022-05-08 00:00:00,2022-04-15 00:00:00,True,2022-03-08 00:00:00,91.18,2022-03-14 00:00:00,92.11,2022-03-10 00:00:00,96.2,,,,False,,,,,,,,,,
183,振华科技,000733.SZ,2022-05-08 00:00:00,2022-04-15 00:00:00,True,2022-03-15 00:00:00,102.54,2022-04-15 00:00:00,102.51,2022-03-30 00:00:00,115.18,,,,False,,,,,,,,,,
184,必得科技,605298.SH,2022-05-08 00:00:00,2022-04-15 00:00:00,True,2022-03-15 00:00:00,16.77,2022-04-15 00:00:00,16.65,2022-03-22 00:00:00,18.8,,,,False,,,,,,,,,,
185,冠昊生物,300238.SZ,2022-05-08 00:00:00,2022-04-15 00:00:00,True,2022-03-15 00:00:00,13.8,2022-04-11 00:00:00,13.6,2022-03-24 00:00:00,15.12,,,,False,,,,,,,,,,
186,腾龙股份,603158.SH,2022-05-08 00:00:00,2022-04-15 00:00:00,True,2022-03-15 00:00:00,9.82,2022-04-13 00:00:00,9.78,2022-04-07 00:00:00,10.85,,,,False,,,,,,,,,,
187,阳光诺和,688621.SH,2022-05-08 00:00:00,2022-04-15 00:00:00,True,2022-02-22 00:00:00,87.93,2022-04-13 00:00:00,88.81,2022-03-24 00:00:00,108.34,,,,False,,,,,,,,,,
188,新亚电子,605277.SH,2022-05-08 00:00:00,2022-04-15 00:00:00,True,2022-03-15 00:00:00,24.6,2022-04-15 00:00:00,24.14,2022-03-31 00:00:00,27.51,,,,False,,,,,,,,,,
189,信达地产,600657.SH,2022-05-08 00:00:00,2022-04-15 00:00:00,True,2022-02-17 00:00:00,3.8,2022-03-15 00:00:00,3.85,2022-03-07 00:00:00,4.47,6.46,4.47,,True,,,,,,,,,,
190,长江投资,600119.SH,2022-05-08 00:00:00,2022-04-15 00:00:00,True,2022-03-09 00:00:00,7.37,2022-03-15 00:00:00,7.47,2022-03-11 00:00:00,8.0,8.91,8.0,,True,,,,,,,,,,
191,北陆药业,300016.SZ,2022-05-08 00:00:00,2022-04-15 00:00:00,True,2022-03-09 00:00:00,7.77,2022-04-11 00:00:00,7.83,2022-03-24 00:00:00,9.0,,,,False,,,,,,,,,,
192,联科科技,001207.SZ,2022-05-08 00:00:00,2022-04-15 00:00:00,True,2022-03-15 00:00:00,17.0,2022-04-15 00:00:00,16.94,2022-03-25 00:00:00,19.48,,,,False,,,,,,,,,,
193,神农科技,300189.SZ,2022-05-08 00:00:00,2022-04-15 00:00:00,True,2022-02-17 00:00:00,4.36,2022-03-15 00:00:00,4.41,2022-03-07 00:00:00,5.12,5.42,5.12,,True,,,,,,,,,,
194,大博医疗,002901.SZ,2022-05-08 00:00:00,2022-04-15 00:00:00,True,2022-03-15 00:00:00,39.71,2022-03-28 00:00:00,39.06,2022-03-18 00:00:00,41.59,43.54,41.59,,True,,,,,,,,,,
195,人民网,603000.SH,2022-05-08 00:00:00,2022-04-15 00:00:00,True,2022-03-15 00:00:00,10.44,2022-04-15 00:00:00,10.28,2022-04-06 00:00:00,11.42,,,,False,,,,,,,,,,
196,园林股份,605303.SH,2022-05-08 00:00:00,2022-04-15 00:00:00,True,2022-03-15 00:00:00,13.35,2022-04-15 00:00:00,13.22,2022-03-21 00:00:00,14.98,,,,False,,,,,,,,,,
197,九阳股份,002242.SZ,2022-05-08 00:00:00,2022-04-15 00:00:00,True,2022-03-15 00:00:00,15.78,2022-04-11 00:00:00,15.62,2022-03-23 00:00:00,16.86,,,,False,,,,,,,,,,
198,九强生物,300406.SZ,2022-05-08 00:00:00,2022-04-15 00:00:00,True,2022-02-24 00:00:00,16.17,2022-04-15 00:00:00,16.49,2022-03-11 00:00:00,20.42,,,,False,,,,,,,,,,
199,ST华仪,600290.SH,2022-05-08 00:00:00,2022-04-15 00:00:00,True,2022-03-09 00:00:00,2.54,2022-04-15 00:00:00,2.55,2022-03-22 00:00:00,2.92,,,,False,,,,,,,,,,
200,浦东建设,600284.SH,2022-05-08 00:00:00,2022-04-15 00:00:00,True,2022-02-24 00:00:00,6.45,2022-03-15 00:00:00,6.45,2022-03-03 00:00:00,6.91,,,,False,,,,,,,,,,
201,万通发展,600246.SH,2022-05-08 00:00:00,2022-04-15 00:00:00,True,2022-03-09 00:00:00,9.34,2022-03-15 00:00:00,9.43,2022-03-11 00:00:00,9.93,,,,False,,,,,,,,,,
202,万邦德,002082.SZ,2022-05-08 00:00:00,2022-04-15 00:00:00,True,2022-03-15 00:00:00,9.73,2022-04-15 00:00:00,9.57,2022-04-08 00:00:00,12.25,,,,False,,,,,,,,,,
203,滨海能源,000695.SZ,2022-05-08 00:00:00,2022-04-15 00:00:00,True,2022-02-24 00:00:00,8.89,2022-04-15 00:00:00,8.92,2022-03-21 00:00:00,10.38,,,,False,,,,,,,,,,
204,视觉中国,000681.SZ,2022-05-08 00:00:00,2022-04-15 00:00:00,True,2022-03-15 00:00:00,13.6,2022-04-15 00:00:00,13.58,2022-04-07 00:00:00,19.08,,,,False,,,,,,,,,,
205,华夏航空,002928.SZ,2022-05-08 00:00:00,2022-04-15 00:00:00,True,2022-03-15 00:00:00,9.98,2022-04-11 00:00:00,9.92,2022-03-18 00:00:00,11.03,,,,False,,,,,,,,,,
206,美力科技,300611.SZ,2022-05-08 00:00:00,2022-04-15 00:00:00,True,2022-03-15 00:00:00,9.07,2022-04-15 00:00:00,8.94,2022-03-22 00:00:00,10.27,,,,False,,,,,,,,,,
207,重庆建工,600939.SH,2022-05-08 00:00:00,2022-04-15 00:00:00,True,2022-03-08 00:00:00,4.76,2022-03-24 00:00:00,4.69,2022-03-21 00:00:00,5.19,,,,False,,,,,,,,,,
208,高测股份,688556.SH,2022-05-08 00:00:00,2022-04-15 00:00:00,True,2022-02-21 00:00:00,61.49,2022-04-13 00:00:00,60.8,2022-02-28 00:00:00,77.09,,,,False,,,,,,,,,,
209,中通国脉,603559.SH,2022-05-08 00:00:00,2022-04-15 00:00:00,True,2022-02-17 00:00:00,11.03,2022-04-11 00:00:00,10.97,2022-03-16 00:00:00,15.25,,,,False,,,,,,,,,,
210,中红医疗,300981.SZ,2022-05-08 00:00:00,2022-04-15 00:00:00,True,2022-03-09 00:00:00,66.81,2022-04-15 00:00:00,67.03,2022-03-14 00:00:00,74.0,,,,False,,,,,,,,,,
211,乐普医疗,300003.SZ,2022-05-08 00:00:00,2022-04-15 00:00:00,True,2022-03-09 00:00:00,18.5,2022-04-13 00:00:00,18.36,2022-03-21 00:00:00,21.64,,,,False,,,,,,,,,,
212,王府井,600859.SH,2022-05-08 00:00:00,2022-04-15 00:00:00,True,2022-03-15 00:00:00,20.29,2022-04-11 00:00:00,20.21,2022-04-01 00:00:00,22.53,23.24,22.53,True,True,0.6061,True,27212753,12238209.17948718,,,,,,
213,易瑞生物,300942.SZ,2022-05-08 00:00:00,2022-04-15 00:00:00,True,2022-02-24 00:00:00,26.03,2022-04-13 00:00:00,26.25,2022-03-14 00:00:00,39.46,,,,False,,,,,,,,,,
214,富淼科技,688350.SH,2022-05-08 00:00:00,2022-04-15 00:00:00,True,2022-03-15 00:00:00,18.3,2022-04-13 00:00:00,18.14,2022-03-23 00:00:00,20.37,,,,False,,,,,,,,,,
215,恒基达鑫,002492.SZ,2022-05-08 00:00:00,2022-04-15 00:00:00,True,2022-02-24 00:00:00,5.85,2022-03-15 00:00:00,5.85,2022-03-03 00:00:00,6.77,,,,False,,,,,,,,,,
216,歌力思,603808.SH,2022-05-08 00:00:00,2022-04-15 00:00:00,True,2022-03-09 00:00:00,11.82,2022-03-24 00:00:00,11.91,2022-03-11 00:00:00,12.63,13.52,12.63,,True,,,,,,,,,,
217,福能股份,600483.SH,2022-05-08 00:00:00,2022-04-15 00:00:00,True,2022-03-15 00:00:00,10.22,2022-04-11 00:00:00,10.21,2022-03-23 00:00:00,11.39,,,,False,,,,,,,,,,
218,兴齐眼药,300573.SZ,2022-05-08 00:00:00,2022-04-15 00:00:00,True,2022-03-15 00:00:00,89.58,2022-04-01 00:00:00,89.07,2022-03-17 00:00:00,97.0,,,,False,,,,,,,,,,
219,富春环保,002479.SZ,2022-05-08 00:00:00,2022-04-15 00:00:00,True,2022-03-15 00:00:00,5.3,2022-04-15 00:00:00,5.28,2022-03-29 00:00:00,5.72,,,,False,,,,,,,,,,
220,南京证券,601990.SH,2022-05-08 00:00:00,2022-04-15 00:00:00,True,2022-03-15 00:00:00,8.13,2022-04-11 00:00:00,8.04,2022-03-16 00:00:00,8.5,,,,False,,,,,,,,,,
221,万德斯,688178.SH,2022-05-08 00:00:00,2022-04-15 00:00:00,True,2022-03-15 00:00:00,20.46,2022-04-15 00:00:00,20.07,2022-03-23 00:00:00,21.47,,,,False,,,,,,,,,,
222,华映科技,000536.SZ,2022-05-08 00:00:00,2022-04-15 00:00:00,True,2022-03-15 00:00:00,2.0,2022-04-15 00:00:00,1.99,2022-03-23 00:00:00,2.14,,,,False,,,,,,,,,,
223,山东墨龙,002490.SZ,2022-05-08 00:00:00,2022-04-15 00:00:00,True,2022-03-15 00:00:00,4.05,2022-04-11 00:00:00,4.04,2022-03-22 00:00:00,4.84,,,,False,,,,,,,,,,
224,佳发教育,300559.SZ,2022-05-08 00:00:00,2022-04-15 00:00:00,True,2022-03-09 00:00:00,8.46,2022-03-10 00:00:00,8.59,2022-03-10 00:00:00,8.59,10.46,8.59,,True,,,,,,,,,,
225,号百控股,600640.SH,2022-05-08 00:00:00,2022-04-15 00:00:00,True,2022-03-15 00:00:00,9.92,2022-04-15 00:00:00,9.86,2022-04-01 00:00:00,11.36,,,,False,,,,,,,,,,
226,尖峰集团,600668.SH,2022-05-08 00:00:00,2022-04-15 00:00:00,True,2022-02-24 00:00:00,16.68,2022-04-15 00:00:00,16.9,2022-03-10 00:00:00,23.32,,,,False,,,,,,,,,,
227,钱江摩托,000913.SZ,2022-05-08 00:00:00,2022-04-15 00:00:00,True,2022-03-15 00:00:00,11.22,2022-04-15 00:00:00,11.08,2022-04-06 00:00:00,12.02,,,,False,,,,,,,,,,
228,梅花生物,600873.SH,2022-05-08 00:00:00,2022-04-15 00:00:00,True,2022-02-17 00:00:00,7.88,2022-03-18 00:00:00,7.9,2022-03-03 00:00:00,8.5,8.88,8.5,,True,,,,,,,,,,
229,通化东宝,600867.SH,2022-05-08 00:00:00,2022-04-15 00:00:00,True,2022-03-09 00:00:00,9.56,2022-03-15 00:00:00,9.75,2022-03-11 00:00:00,10.22,,,,False,,,,,,,,,,
230,浙江广厦,600052.SH,2022-05-08 00:00:00,2022-04-15 00:00:00,True,2022-03-15 00:00:00,4.05,2022-04-13 00:00:00,4.0,2022-04-06 00:00:00,4.42,,,,False,,,,,,,,,,
231,奥锐特,605116.SH,2022-05-08 00:00:00,2022-04-15 00:00:00,True,2022-02-24 00:00:00,21.55,2022-04-07 00:00:00,21.15,2022-03-16 00:00:00,29.0,,,,False,,,,,,,,,,
232,甬金股份,603995.SH,2022-05-08 00:00:00,2022-04-15 00:00:00,True,2022-03-16 00:00:00,48.7,2022-04-14 00:00:00,48.52,2022-04-08 00:00:00,56.68,,,,False,,,,,,,,,,
233,中国铝业,601600.SH,2022-05-08 00:00:00,2022-04-15 00:00:00,True,2022-03-15 00:00:00,5.42,2022-04-11 00:00:00,5.41,2022-03-22 00:00:00,6.26,,,,False,,,,,,,,,,
234,江南水务,601199.SH,2022-05-08 00:00:00,2022-04-15 00:00:00,True,2022-03-01 00:00:00,5.93,2022-03-14 00:00:00,5.95,2022-03-04 00:00:00,6.78,,,,False,,,,,,,,,,
235,美康生物,300439.SZ,2022-05-08 00:00:00,2022-04-15 00:00:00,True,2022-03-09 00:00:00,14.03,2022-04-13 00:00:00,13.85,2022-03-22 00:00:00,17.31,,,,False,,,,,,,,,,
236,宏昌电子,603002.SH,2022-05-08 00:00:00,2022-04-15 00:00:00,True,2022-03-15 00:00:00,5.48,2022-04-11 00:00:00,5.4,2022-03-21 00:00:00,5.88,,,,False,,,,,,,,,,
237,广信股份,603599.SH,2022-05-08 00:00:00,2022-04-15 00:00:00,True,2022-03-08 00:00:00,30.0,2022-03-15 00:00:00,30.18,2022-03-11 00:00:00,32.56,,,,False,,,,,,,,,,
238,上海洗霸,603200.SH,2022-05-08 00:00:00,2022-04-15 00:00:00,True,2022-03-22 00:00:00,19.94,2022-03-24 00:00:00,19.79,2022-03-23 00:00:00,20.08,,,,False,,,,,,,,,,
239,铁科轨道,688569.SH,2022-05-08 00:00:00,2022-04-15 00:00:00,True,2022-03-15 00:00:00,16.91,2022-04-11 00:00:00,16.58,2022-03-22 00:00:00,17.55,,,,False,,,,,,,,,,
240,双枪科技,001211.SZ,2022-05-08 00:00:00,2022-04-15 00:00:00,True,2022-03-15 00:00:00,25.82,2022-04-11 00:00:00,25.7,2022-03-24 00:00:00,28.77,,,,False,,,,,,,,,,
241,亿纬锂能,300014.SZ,2022-05-08 00:00:00,2022-04-15 00:00:00,True,2022-03-09 00:00:00,70.49,2022-04-11 00:00:00,70.3,2022-03-21 00:00:00,85.4,,,,False,,,,,,,,,,
242,冠盛股份,605088.SH,2022-05-08 00:00:00,2022-04-15 00:00:00,True,2022-03-15 00:00:00,12.6,2022-04-11 00:00:00,12.5,2022-03-21 00:00:00,13.7,,,,False,,,,,,,,,,
243,ST天马,002122.SZ,2022-05-08 00:00:00,2022-04-15 00:00:00,True,2022-03-02 00:00:00,2.34,2022-04-01 00:00:00,2.34,2022-03-22 00:00:00,2.53,,,,False,,,,,,,,,,
244,华康股份,605077.SH,2022-05-08 00:00:00,2022-04-15 00:00:00,True,2022-03-15 00:00:00,31.81,2022-04-15 00:00:00,31.62,2022-03-25 00:00:00,35.01,,,,False,,,,,,,,,,
245,麒盛科技,603610.SH,2022-05-08 00:00:00,2022-04-15 00:00:00,True,2022-03-15 00:00:00,17.74,2022-04-11 00:00:00,17.45,2022-03-23 00:00:00,18.87,,,,False,,,,,,,,,,
246,长高集团,002452.SZ,2022-05-08 00:00:00,2022-04-15 00:00:00,True,2022-03-08 00:00:00,6.65,2022-04-15 00:00:00,6.66,2022-03-23 00:00:00,7.56,,,,False,,,,,,,,,,
247,阿拉丁,688179.SH,2022-05-08 00:00:00,2022-04-15 00:00:00,True,2022-03-15 00:00:00,53.38,2022-04-11 00:00:00,52.56,2022-03-24 00:00:00,58.85,,,,False,,,,,,,,,,
248,欣贺股份,003016.SZ,2022-05-08 00:00:00,2022-04-15 00:00:00,True,2022-03-15 00:00:00,8.87,2022-04-11 00:00:00,8.78,2022-03-22 00:00:00,9.27,,,,False,,,,,,,,,,
249,ST维维,600300.SH,2022-05-08 00:00:00,2022-04-15 00:00:00,True,2022-03-15 00:00:00,3.91,2022-04-15 00:00:00,3.88,2022-03-24 00:00:00,4.51,,,,False,,,,,,,,,,
250,安井食品,603345.SH,2022-05-08 00:00:00,2022-04-15 00:00:00,True,2022-03-15 00:00:00,104.99,2022-04-08 00:00:00,103.9,2022-03-21 00:00:00,117.26,124.4,117.26,True,True,4.6962,True,5983392,2714517.5897435895,,,,,,
251,沃华医药,002107.SZ,2022-05-08 00:00:00,2022-04-15 00:00:00,True,2022-03-09 00:00:00,6.46,2022-03-15 00:00:00,6.51,2022-03-11 00:00:00,6.99,,,,False,,,,,,,,,,
252,博瑞传播,600880.SH,2022-05-08 00:00:00,2022-04-15 00:00:00,True,2022-03-14 00:00:00,5.48,2022-04-15 00:00:00,5.46,2022-04-06 00:00:00,7.23,,,,False,,,,,,,,,,
253,克明食品,002661.SZ,2022-05-08 00:00:00,2022-04-15 00:00:00,True,2022-03-09 00:00:00,10.56,2022-03-10 00:00:00,10.59,2022-03-10 00:00:00,10.59,12.07,10.59,,True,,,,,,,,,,
254,华绿生物,300970.SZ,2022-05-08 00:00:00,2022-04-15 00:00:00,True,2022-03-15 00:00:00,21.13,2022-04-15 00:00:00,20.96,2022-03-29 00:00:00,26.34,,,,False,,,,,,,,,,
255,德恩精工,300780.SZ,2022-05-08 00:00:00,2022-04-15 00:00:00,True,2022-03-15 00:00:00,13.02,2022-04-11 00:00:00,12.79,2022-03-22 00:00:00,13.87,,,,False,,,,,,,,,,
256,华星创业,300025.SZ,2022-05-08 00:00:00,2022-04-15 00:00:00,True,2022-03-15 00:00:00,3.88,2022-04-15 00:00:00,3.83,2022-03-23 00:00:00,4.63,,,,False,,,,,,,,,,
257,浙江力诺,300838.SZ,2022-05-08 00:00:00,2022-04-15 00:00:00,True,2022-03-15 00:00:00,15.07,2022-04-11 00:00:00,15.02,2022-03-21 00:00:00,17.25,,,,False,,,,,,,,,,
258,浔兴股份,002098.SZ,2022-05-08 00:00:00,2022-04-15 00:00:00,True,2022-02-24 00:00:00,6.4,2022-03-15 00:00:00,6.41,2022-03-03 00:00:00,7.05,,,,False,,,,,,,,,,
259,东航物流,601156.SH,2022-05-08 00:00:00,2022-04-15 00:00:00,True,2022-03-15 00:00:00,19.05,2022-03-29 00:00:00,19.0,2022-03-21 00:00:00,20.17,22.82,20.17,,True,,,,,,,,,,
260,腾达建设,600512.SH,2022-05-08 00:00:00,2022-04-15 00:00:00,True,2022-02-25 00:00:00,3.62,2022-03-15 00:00:00,3.63,2022-03-09 00:00:00,3.86,,,,False,,,,,,,,,,
261,华纳药厂,688799.SH,2022-05-08 00:00:00,2022-04-15 00:00:00,True,2022-03-09 00:00:00,34.6,2022-04-15 00:00:00,33.96,2022-03-31 00:00:00,39.5,,,,False,,,,,,,,,,
262,阳光照明,600261.SH,2022-05-08 00:00:00,2022-04-15 00:00:00,True,2022-03-15 00:00:00,3.6,2022-04-15 00:00:00,3.57,2022-04-06 00:00:00,3.9,,,,False,,,,,,,,,,
263,常青股份,603768.SH,2022-05-08 00:00:00,2022-04-15 00:00:00,True,2022-03-15 00:00:00,14.82,2022-04-15 00:00:00,14.53,2022-03-22 00:00:00,15.56,,,,False,,,,,,,,,,
264,交控科技,688015.SH,2022-05-08 00:00:00,2022-04-15 00:00:00,True,2022-03-15 00:00:00,25.63,2022-03-29 00:00:00,25.44,2022-03-23 00:00:00,27.04,,,,False,,,,,,,,,,
265,方盛制药,603998.SH,2022-05-08 00:00:00,2022-04-15 00:00:00,True,2022-02-17 00:00:00,5.66,2022-03-15 00:00:00,5.71,2022-03-03 00:00:00,6.3,,,,False,,,,,,,,,,
266,鼎龙文化,002502.SZ,2022-05-08 00:00:00,2022-04-15 00:00:00,True,2022-03-15 00:00:00,3.28,2022-04-15 00:00:00,3.27,2022-04-06 00:00:00,4.45,,,,False,,,,,,,,,,
267,广西广电,600936.SH,2022-05-08 00:00:00,2022-04-15 00:00:00,True,2022-02-17 00:00:00,3.03,2022-03-15 00:00:00,3.03,2022-02-23 00:00:00,4.15,,,,False,,,,,,,,,,
268,珠海中富,000659.SZ,2022-05-08 00:00:00,2022-04-15 00:00:00,True,2022-02-17 00:00:00,3.42,2022-04-14 00:00:00,3.38,2022-03-18 00:00:00,3.9,,,,False,,,,,,,,,,
269,佳士科技,300193.SZ,2022-05-08 00:00:00,2022-04-15 00:00:00,True,2022-03-15 00:00:00,8.85,2022-04-11 00:00:00,8.74,2022-03-18 00:00:00,9.3,,,,False,,,,,,,,,,
270,洪兴股份,001209.SZ,2022-05-08 00:00:00,2022-04-15 00:00:00,True,2022-03-15 00:00:00,21.74,2022-04-15 00:00:00,21.65,2022-03-21 00:00:00,23.75,,,,False,,,,,,,,,,
271,盐津铺子,002847.SZ,2022-05-08 00:00:00,2022-04-15 00:00:00,True,2022-03-15 00:00:00,57.08,2022-04-11 00:00:00,56.8,2022-03-22 00:00:00,61.78,,,,False,,,,,,,,,,
272,基蛋生物,603387.SH,2022-05-08 00:00:00,2022-04-15 00:00:00,True,2022-02-22 00:00:00,18.21,2022-04-13 00:00:00,18.55,2022-03-11 00:00:00,21.78,,,,False,,,,,,,,,,
273,青山纸业,600103.SH,2022-05-08 00:00:00,2022-04-15 00:00:00,True,2022-03-15 00:00:00,2.53,2022-04-15 00:00:00,2.51,2022-04-06 00:00:00,2.68,,,,False,,,,,,,,,,
274,弘宇股份,002890.SZ,2022-05-08 00:00:00,2022-04-15 00:00:00,True,2022-03-15 00:00:00,15.25,2022-04-11 00:00:00,15.08,2022-03-21 00:00:00,16.59,,,,False,,,,,,,,,,
275,华熙生物,688363.SH,2022-05-08 00:00:00,2022-04-15 00:00:00,True,2022-03-15 00:00:00,102.8,2022-04-13 00:00:00,102.5,2022-03-31 00:00:00,120.99,,,,False,,,,,,,,,,
276,星源材质,300568.SZ,2022-05-08 00:00:00,2022-04-15 00:00:00,True,2022-03-08 00:00:00,31.31,2022-04-15 00:00:00,30.77,2022-03-17 00:00:00,41.78,,,,False,,,,,,,,,,
277,上机数控,603185.SH,2022-05-08 00:00:00,2022-04-15 00:00:00,True,2022-02-18 00:00:00,128.0,2022-04-11 00:00:00,125.6,2022-03-11 00:00:00,175.25,,,,False,,,,,,,,,,
278,川发龙蟒,002312.SZ,2022-05-08 00:00:00,2022-04-15 00:00:00,True,2022-03-15 00:00:00,10.3,2022-03-28 00:00:00,10.27,2022-03-18 00:00:00,10.71,11.65,10.71,,True,,,,,,,,,,
279,京粮控股,000505.SZ,2022-05-08 00:00:00,2022-04-15 00:00:00,True,2022-02-17 00:00:00,7.16,2022-03-10 00:00:00,7.23,2022-03-02 00:00:00,7.97,11.38,7.97,,True,,,,,,,,,,
280,诚意药业,603811.SH,2022-05-08 00:00:00,2022-04-15 00:00:00,True,2022-02-17 00:00:00,14.38,2022-04-14 00:00:00,14.5,2022-03-11 00:00:00,18.16,,,,False,,,,,,,,,,
281,永利股份,300230.SZ,2022-05-08 00:00:00,2022-04-15 00:00:00,True,2022-03-15 00:00:00,3.97,2022-04-11 00:00:00,3.92,2022-03-21 00:00:00,4.23,,,,False,,,,,,,,,,
282,丝路视觉,300556.SZ,2022-05-08 00:00:00,2022-04-15 00:00:00,True,2022-03-15 00:00:00,22.51,2022-04-15 00:00:00,22.44,2022-03-22 00:00:00,29.72,,,,False,,,,,,,,,,
283,柏楚电子,688188.SH,2022-05-08 00:00:00,2022-04-15 00:00:00,True,2022-03-14 00:00:00,267.95,2022-04-15 00:00:00,264.48,2022-03-25 00:00:00,304.0,,,,False,,,,,,,,,,
284,博闻科技,600883.SH,2022-05-08 00:00:00,2022-04-15 00:00:00,True,2022-03-15 00:00:00,7.75,2022-04-13 00:00:00,7.74,2022-04-08 00:00:00,9.75,,,,False,,,,,,,,,,
285,太极集团,600129.SH,2022-05-08 00:00:00,2022-04-15 00:00:00,True,2022-03-09 00:00:00,17.87,2022-03-15 00:00:00,18.18,2022-03-11 00:00:00,19.68,,,,False,,,,,,,,,,
286,会稽山,601579.SH,2022-05-08 00:00:00,2022-04-15 00:00:00,True,2022-03-15 00:00:00,9.14,2022-04-11 00:00:00,8.99,2022-03-18 00:00:00,9.63,,,,False,,,,,,,,,,
287,景峰医药,000908.SZ,2022-05-08 00:00:00,2022-04-15 00:00:00,True,2022-02-17 00:00:00,3.84,2022-03-15 00:00:00,3.9,2022-03-11 00:00:00,4.37,,,,False,,,,,,,,,,
288,惠达卫浴,603385.SH,2022-05-08 00:00:00,2022-04-15 00:00:00,True,2022-03-15 00:00:00,8.32,2022-04-15 00:00:00,8.3,2022-04-06 00:00:00,9.23,,,,False,,,,,,,,,,
289,金贵银业,002716.SZ,2022-05-08 00:00:00,2022-04-15 00:00:00,True,2022-03-15 00:00:00,2.9,2022-03-31 00:00:00,2.89,2022-03-25 00:00:00,3.07,,,,False,,,,,,,,,,
290,海欣食品,002702.SZ,2022-05-08 00:00:00,2022-04-15 00:00:00,True,2022-03-09 00:00:00,5.03,2022-03-15 00:00:00,5.03,2022-03-11 00:00:00,5.37,6.48,5.37,,True,,,,,,,,,,
291,富邦股份,300387.SZ,2022-05-08 00:00:00,2022-04-15 00:00:00,True,2022-02-18 00:00:00,8.25,2022-04-15 00:00:00,8.4,2022-03-07 00:00:00,12.03,,,,False,,,,,,,,,,
292,华设集团,603018.SH,2022-05-08 00:00:00,2022-04-15 00:00:00,True,2022-03-14 00:00:00,8.15,2022-03-29 00:00:00,8.12,2022-03-18 00:00:00,8.79,,,,False,,,,,,,,,,
293,国药股份,600511.SH,2022-05-08 00:00:00,2022-04-15 00:00:00,True,2022-03-09 00:00:00,25.89,2022-03-15 00:00:00,26.02,2022-03-11 00:00:00,27.92,,,,False,,,,,,,,,,
294,博世科,300422.SZ,2022-05-08 00:00:00,2022-04-15 00:00:00,True,2022-03-15 00:00:00,6.79,2022-04-15 00:00:00,6.73,2022-03-21 00:00:00,7.52,,,,False,,,,,,,,,,
295,华鹏飞,300350.SZ,2022-05-08 00:00:00,2022-04-15 00:00:00,True,2022-03-15 00:00:00,6.16,2022-03-29 00:00:00,6.15,2022-03-18 00:00:00,6.65,,,,False,,,,,,,,,,
296,华民股份,300345.SZ,2022-05-08 00:00:00,2022-04-15 00:00:00,True,2022-03-15 00:00:00,5.2,2022-03-29 00:00:00,5.1,2022-03-21 00:00:00,5.54,,,,False,,,,,,,,,,
297,N辉科技,300423.SZ,2022-05-08 00:00:00,2022-04-15 00:00:00,True,2022-03-15 00:00:00,9.99,2022-04-15 00:00:00,9.94,2022-03-24 00:00:00,12.89,,,,False,,,,,,,,,,
298,ST信通,600289.SH,2022-05-08 00:00:00,2022-04-15 00:00:00,True,2022-02-28 00:00:00,3.35,2022-03-15 00:00:00,3.4,2022-03-04 00:00:00,3.6,,,,False,,,,,,,,,,
299,国发股份,600538.SH,2022-05-08 00:00:00,2022-04-15 00:00:00,True,2022-03-15 00:00:00,4.96,2022-04-11 00:00:00,4.88,2022-03-21 00:00:00,5.38,,,,False,,,,,,,,,,
300,*ST利源,002501.SZ,2022-05-08 00:00:00,2022-04-15 00:00:00,True,2022-02-24 00:00:00,1.67,2022-03-15 00:00:00,1.69,2022-03-07 00:00:00,1.89,,,,False,,,,,,,,,,
301,安德利,603031.SH,2022-05-08 00:00:00,2022-04-15 00:00:00,True,2022-03-09 00:00:00,38.85,2022-03-24 00:00:00,38.78,2022-03-17 00:00:00,41.11,,,,False,,,,,,,,,,
302,大元泵业,603757.SH,2022-05-08 00:00:00,2022-04-15 00:00:00,True,2022-03-15 00:00:00,14.16,2022-04-11 00:00:00,13.91,2022-03-23 00:00:00,15.1,,,,False,,,,,,,,,,
303,心脉医疗,688016.SH,2022-05-08 00:00:00,2022-04-15 00:00:00,True,2022-03-16 00:00:00,175.0,2022-04-15 00:00:00,174.65,2022-03-24 00:00:00,219.8,,,,False,,,,,,,,,,
304,宏川智慧,002930.SZ,2022-05-08 00:00:00,2022-04-15 00:00:00,True,2022-03-15 00:00:00,18.06,2022-04-08 00:00:00,18.0,2022-03-23 00:00:00,19.52,,,,False,,,,,,,,,,
305,张裕A,000869.SZ,2022-05-08 00:00:00,2022-04-15 00:00:00,True,2022-03-15 00:00:00,26.88,2022-04-11 00:00:00,26.76,2022-03-22 00:00:00,28.68,,,,False,,,,,,,,,,
306,海信家电,000921.SZ,2022-05-08 00:00:00,2022-04-15 00:00:00,True,2022-03-15 00:00:00,10.92,2022-04-11 00:00:00,10.9,2022-03-22 00:00:00,11.55,12.57,11.55,,True,,,,,,,,,,
307,金龙鱼,300999.SZ,2022-05-08 00:00:00,2022-04-15 00:00:00,True,2022-03-15 00:00:00,47.39,2022-04-13 00:00:00,46.62,2022-03-28 00:00:00,50.97,,,,False,,,,,,,,,,
308,同花顺,300033.SZ,2022-05-08 00:00:00,2022-04-15 00:00:00,True,2022-03-15 00:00:00,92.54,2022-04-11 00:00:00,90.75,2022-03-16 00:00:00,98.63,,,,False,,,,,,,,,,
309,通达电气,603390.SH,2022-05-08 00:00:00,2022-04-15 00:00:00,True,2022-03-15 00:00:00,7.55,2022-04-15 00:00:00,7.5,2022-03-22 00:00:00,8.03,,,,False,,,,,,,,,,
310,元隆雅图,002878.SZ,2022-05-08 00:00:00,2022-04-15 00:00:00,True,2022-03-15 00:00:00,18.02,2022-04-13 00:00:00,17.71,2022-03-22 00:00:00,20.61,,,,False,,,,,,,,,,
311,绿茵生态,002887.SZ,2022-05-08 00:00:00,2022-04-15 00:00:00,True,2022-03-15 00:00:00,8.67,2022-04-15 00:00:00,8.6,2022-04-01 00:00:00,9.28,,,,False,,,,,,,,,,
312,贝斯美,300796.SZ,2022-05-08 00:00:00,2022-04-15 00:00:00,True,2022-03-09 00:00:00,17.48,2022-03-15 00:00:00,17.7,2022-03-10 00:00:00,18.56,19.41,18.56,,True,,,,,,,,,,
313,浙江美大,002677.SZ,2022-05-08 00:00:00,2022-04-15 00:00:00,True,2022-03-15 00:00:00,12.99,2022-03-29 00:00:00,12.96,2022-03-21 00:00:00,13.82,,,,False,,,,,,,,,,
314,南华生物,000504.SZ,2022-05-08 00:00:00,2022-04-15 00:00:00,True,2022-03-02 00:00:00,15.79,2022-04-13 00:00:00,15.49,2022-03-22 00:00:00,22.16,,,,False,,,,,,,,,,
315,宸展光电,003019.SZ,2022-05-08 00:00:00,2022-04-15 00:00:00,True,2022-03-15 00:00:00,22.5,2022-04-11 00:00:00,22.27,2022-04-06 00:00:00,23.81,,,,False,,,,,,,,,,
316,镇海股份,603637.SH,2022-05-08 00:00:00,2022-04-15 00:00:00,True,2022-03-08 00:00:00,8.51,2022-04-15 00:00:00,8.42,2022-03-21 00:00:00,10.52,,,,False,,,,,,,,,,
317,中超控股,002471.SZ,2022-05-08 00:00:00,2022-04-15 00:00:00,True,2022-03-15 00:00:00,2.3,2022-04-15 00:00:00,2.26,2022-03-23 00:00:00,2.51,,,,False,,,,,,,,,,
318,国林科技,300786.SZ,2022-05-08 00:00:00,2022-04-15 00:00:00,True,2022-03-15 00:00:00,26.16,2022-04-15 00:00:00,25.7,2022-03-31 00:00:00,34.01,,,,False,,,,,,,,,,
319,航天电子,600879.SH,2022-05-08 00:00:00,2022-04-15 00:00:00,True,2022-03-15 00:00:00,6.26,2022-04-11 00:00:00,6.21,2022-03-23 00:00:00,6.68,,,,False,,,,,,,,,,
320,上海三毛,600689.SH,2022-05-08 00:00:00,2022-04-15 00:00:00,True,2022-02-24 00:00:00,7.44,2022-04-08 00:00:00,7.4,2022-03-25 00:00:00,9.43,,,,False,,,,,,,,,,
321,浙江富润,600070.SH,2022-05-08 00:00:00,2022-04-15 00:00:00,True,2022-03-15 00:00:00,6.03,2022-04-15 00:00:00,5.92,2022-03-21 00:00:00,6.99,,,,False,,,,,,,,,,
322,凤凰股份,600716.SH,2022-05-08 00:00:00,2022-04-15 00:00:00,True,2022-02-24 00:00:00,4.52,2022-03-15 00:00:00,4.57,2022-03-11 00:00:00,4.87,5.27,4.87,,True,,,,,,,,,,
323,东易日盛,002713.SZ,2022-05-08 00:00:00,2022-04-15 00:00:00,True,2022-03-08 00:00:00,6.27,2022-03-15 00:00:00,6.35,2022-03-14 00:00:00,6.84,,,,False,,,,,,,,,,
324,奥普家居,603551.SH,2022-05-08 00:00:00,2022-04-15 00:00:00,True,2022-03-15 00:00:00,8.91,2022-04-15 00:00:00,8.88,2022-03-22 00:00:00,9.58,,,,False,,,,,,,,,,
325,恒泰艾普,300157.SZ,2022-05-08 00:00:00,2022-04-15 00:00:00,True,2022-02-17 00:00:00,4.16,2022-04-15 00:00:00,4.09,2022-03-03 00:00:00,6.82,,,,False,,,,,,,,,,
326,开开实业,600272.SH,2022-05-08 00:00:00,2022-04-15 00:00:00,True,2022-02-24 00:00:00,9.7,2022-04-15 00:00:00,9.73,2022-03-07 00:00:00,13.94,,,,False,,,,,,,,,,
327,中化国际,600500.SH,2022-05-08 00:00:00,2022-04-15 00:00:00,True,2022-03-15 00:00:00,6.8,2022-04-11 00:00:00,6.75,2022-03-18 00:00:00,7.2,,,,False,,,,,,,,,,
328,北特科技,603009.SH,2022-05-08 00:00:00,2022-04-15 00:00:00,True,2022-03-15 00:00:00,5.85,2022-04-11 00:00:00,5.83,2022-04-06 00:00:00,6.4,,,,False,,,,,,,,,,
329,红相股份,300427.SZ,2022-05-08 00:00:00,2022-04-15 00:00:00,True,2022-02-17 00:00:00,13.07,2022-03-15 00:00:00,13.12,2022-03-02 00:00:00,14.48,,,,False,,,,,,,,,,
330,天臣医疗,688013.SH,2022-05-08 00:00:00,2022-04-15 00:00:00,True,2022-03-15 00:00:00,21.87,2022-04-15 00:00:00,21.59,2022-03-21 00:00:00,23.58,,,,False,,,,,,,,,,
331,中国西电,601179.SH,2022-05-08 00:00:00,2022-04-15 00:00:00,True,2022-03-15 00:00:00,4.26,2022-04-15 00:00:00,4.23,2022-03-31 00:00:00,4.56,,,,False,,,,,,,,,,
332,*ST基础,600515.SH,2022-05-08 00:00:00,2022-04-15 00:00:00,True,2022-03-16 00:00:00,3.45,2022-03-28 00:00:00,3.42,2022-03-18 00:00:00,3.58,3.76,3.58,,True,,,,,,,,,,
333,双飞股份,300817.SZ,2022-05-08 00:00:00,2022-04-15 00:00:00,True,2022-03-15 00:00:00,17.63,2022-04-15 00:00:00,17.31,2022-03-23 00:00:00,18.78,,,,False,,,,,,,,,,
334,*ST永林,000663.SZ,2022-05-08 00:00:00,2022-04-15 00:00:00,True,2022-03-15 00:00:00,6.77,2022-04-15 00:00:00,6.72,2022-04-06 00:00:00,7.3,,,,False,,,,,,,,,,
335,宁波华翔,002048.SZ,2022-05-08 00:00:00,2022-04-15 00:00:00,True,2022-03-15 00:00:00,15.05,2022-04-12 00:00:00,15.02,2022-03-30 00:00:00,16.33,,,,False,,,,,,,,,,
336,佐力药业,300181.SZ,2022-05-08 00:00:00,2022-04-15 00:00:00,True,2022-03-09 00:00:00,8.8,2022-04-15 00:00:00,8.89,2022-03-24 00:00:00,11.56,,,,False,,,,,,,,,,
337,捷荣技术,002855.SZ,2022-05-08 00:00:00,2022-04-15 00:00:00,True,2022-02-17 00:00:00,8.47,2022-04-15 00:00:00,8.31,2022-03-17 00:00:00,10.67,,,,False,,,,,,,,,,
338,吉峰科技,300022.SZ,2022-05-08 00:00:00,2022-04-15 00:00:00,True,2022-03-15 00:00:00,5.0,2022-04-15 00:00:00,4.94,2022-04-01 00:00:00,5.87,,,,False,,,,,,,,,,
339,美盛文化,002699.SZ,2022-05-08 00:00:00,2022-04-15 00:00:00,True,2022-02-24 00:00:00,4.81,2022-03-15 00:00:00,4.89,2022-03-08 00:00:00,5.95,,,,False,,,,,,,,,,
340,宁德时代,300750.SZ,2022-05-08 00:00:00,2022-04-15 00:00:00,True,2022-03-07 00:00:00,454.89,2022-04-15 00:00:00,450.86,2022-03-17 00:00:00,524.5,,,,False,,,,,,,,,,
341,迎丰股份,605055.SH,2022-05-08 00:00:00,2022-04-15 00:00:00,True,2022-03-15 00:00:00,6.71,2022-04-15 00:00:00,6.66,2022-03-22 00:00:00,7.29,,,,False,,,,,,,,,,
342,华菱精工,603356.SH,2022-05-08 00:00:00,2022-04-15 00:00:00,True,2022-02-24 00:00:00,11.68,2022-04-15 00:00:00,11.52,2022-03-21 00:00:00,13.56,,,,False,,,,,,,,,,
343,中大力德,002896.SZ,2022-05-08 00:00:00,2022-04-15 00:00:00,True,2022-03-15 00:00:00,18.19,2022-04-11 00:00:00,17.88,2022-03-23 00:00:00,19.55,,,,False,,,,,,,,,,
344,华锦股份,000059.SZ,2022-05-08 00:00:00,2022-04-15 00:00:00,True,2022-03-15 00:00:00,6.26,2022-03-29 00:00:00,6.25,2022-03-17 00:00:00,6.58,,,,False,,,,,,,,,,
345,青岛中程,300208.SZ,2022-05-08 00:00:00,2022-04-15 00:00:00,True,2022-02-17 00:00:00,10.39,2022-04-11 00:00:00,10.55,2022-03-08 00:00:00,18.42,,,,False,,,,,,,,,,
346,金运激光,300220.SZ,2022-05-08 00:00:00,2022-04-15 00:00:00,True,2022-03-15 00:00:00,13.45,2022-04-15 00:00:00,13.4,2022-04-07 00:00:00,17.28,,,,False,,,,,,,,,,
347,雄帝科技,300546.SZ,2022-05-08 00:00:00,2022-04-15 00:00:00,True,2022-03-08 00:00:00,27.21,2022-03-10 00:00:00,27.33,2022-03-10 00:00:00,27.33,31.02,27.33,,True,,,,,,,,,,
348,华光环能,600475.SH,2022-05-08 00:00:00,2022-04-15 00:00:00,True,2022-03-15 00:00:00,9.7,2022-03-25 00:00:00,9.63,2022-03-18 00:00:00,9.8,10.28,9.8,,True,,,,,,,,,,
349,新朋股份,002328.SZ,2022-05-08 00:00:00,2022-04-15 00:00:00,True,2022-03-15 00:00:00,4.79,2022-04-11 00:00:00,4.73,2022-03-22 00:00:00,5.14,,,,False,,,,,,,,,,
350,养元饮品,603156.SH,2022-05-08 00:00:00,2022-04-15 00:00:00,True,2022-03-15 00:00:00,22.82,2022-03-28 00:00:00,22.51,2022-03-18 00:00:00,23.65,,,,False,,,,,,,,,,
351,上海新阳,300236.SZ,2022-05-08 00:00:00,2022-04-15 00:00:00,True,2022-03-15 00:00:00,33.33,2022-04-15 00:00:00,32.76,2022-03-23 00:00:00,37.98,,,,False,,,,,,,,,,
352,皇马科技,603181.SH,2022-05-08 00:00:00,2022-04-15 00:00:00,True,2022-03-15 00:00:00,13.7,2022-04-13 00:00:00,13.56,2022-04-01 00:00:00,14.92,,,,False,,,,,,,,,,
353,值得买,300785.SZ,2022-05-08 00:00:00,2022-04-15 00:00:00,True,2022-03-15 00:00:00,48.3,2022-04-15 00:00:00,48.18,2022-03-31 00:00:00,54.8,,,,False,,,,,,,,,,
354,ST冠福,002102.SZ,2022-05-08 00:00:00,2022-04-15 00:00:00,True,2022-02-24 00:00:00,3.38,2022-03-10 00:00:00,3.38,2022-03-03 00:00:00,3.58,,,,False,,,,,,,,,,
355,浙江自然,605080.SH,2022-05-08 00:00:00,2022-04-15 00:00:00,True,2022-03-15 00:00:00,53.14,2022-04-11 00:00:00,52.2,2022-03-22 00:00:00,60.16,,,,False,,,,,,,,,,
356,乾景园林,603778.SH,2022-05-08 00:00:00,2022-04-15 00:00:00,True,2022-02-15 00:00:00,4.09,2022-03-29 00:00:00,4.17,2022-03-14 00:00:00,5.04,,,,False,,,,,,,,,,
357,金田铜业,601609.SH,2022-05-08 00:00:00,2022-04-15 00:00:00,True,2022-03-15 00:00:00,7.69,2022-04-11 00:00:00,7.66,2022-03-21 00:00:00,7.98,,,,False,,,,,,,,,,
358,昆仑万维,300418.SZ,2022-05-08 00:00:00,2022-04-15 00:00:00,True,2022-03-15 00:00:00,15.5,2022-04-15 00:00:00,15.2,2022-04-01 00:00:00,17.52,,,,False,,,,,,,,,,
359,威龙股份,603779.SH,2022-05-08 00:00:00,2022-04-15 00:00:00,True,2022-03-15 00:00:00,6.15,2022-04-11 00:00:00,6.1,2022-03-22 00:00:00,6.63,6.94,6.63,,True,,,,,,,,,,
360,中信重工,601608.SH,2022-05-08 00:00:00,2022-04-15 00:00:00,True,2022-03-15 00:00:00,3.5,2022-04-15 00:00:00,3.46,2022-03-18 00:00:00,3.74,,,,False,,,,,,,,,,
361,潍柴动力,000338.SZ,2022-05-08 00:00:00,2022-04-15 00:00:00,True,2022-03-15 00:00:00,12.64,2022-04-13 00:00:00,12.59,2022-03-23 00:00:00,14.16,,,,False,,,,,,,,,,
362,康辰药业,603590.SH,2022-05-08 00:00:00,2022-04-15 00:00:00,True,2022-03-15 00:00:00,27.37,2022-04-15 00:00:00,26.9,2022-03-25 00:00:00,30.19,,,,False,,,,,,,,,,
363,翔鹭钨业,002842.SZ,2022-05-08 00:00:00,2022-04-15 00:00:00,True,2022-03-15 00:00:00,8.94,2022-04-15 00:00:00,8.83,2022-03-18 00:00:00,9.46,,,,False,,,,,,,,,,
364,广博股份,002103.SZ,2022-05-08 00:00:00,2022-04-15 00:00:00,True,2022-02-24 00:00:00,4.61,2022-04-15 00:00:00,4.58,2022-03-16 00:00:00,5.92,,,,False,,,,,,,,,,
365,咸亨国际,605056.SH,2022-05-08 00:00:00,2022-04-15 00:00:00,True,2022-03-15 00:00:00,13.87,2022-04-15 00:00:00,13.85,2022-03-23 00:00:00,16.17,,,,False,,,,,,,,,,
366,宇瞳光学,300790.SZ,2022-05-08 00:00:00,2022-04-15 00:00:00,True,2022-03-15 00:00:00,27.63,2022-04-15 00:00:00,27.39,2022-03-31 00:00:00,29.71,,,,False,,,,,,,,,,
367,*ST天成,600112.SH,2022-05-08 00:00:00,2022-04-15 00:00:00,True,2022-03-15 00:00:00,3.0,2022-04-15 00:00:00,2.99,2022-03-25 00:00:00,3.48,,,,False,,,,,,,,,,
368,齐心集团,002301.SZ,2022-05-08 00:00:00,2022-04-15 00:00:00,True,2022-03-09 00:00:00,6.53,2022-03-10 00:00:00,6.55,2022-03-10 00:00:00,6.55,,,,False,,,,,,,,,,
369,ST九有,600462.SH,2022-05-08 00:00:00,2022-04-15 00:00:00,True,2022-03-15 00:00:00,2.1,2022-04-15 00:00:00,2.06,2022-04-01 00:00:00,2.3,,,,False,,,,,,,,,,
370,圣诺生物,688117.SH,2022-05-08 00:00:00,2022-04-15 00:00:00,True,2022-02-17 00:00:00,32.17,2022-04-13 00:00:00,32.11,2022-03-30 00:00:00,47.1,,,,False,,,,,,,,,,
371,ST大洲,000571.SZ,2022-05-08 00:00:00,2022-04-15 00:00:00,True,2022-03-17 00:00:00,2.01,2022-03-25 00:00:00,1.98,2022-03-18 00:00:00,2.08,,,,False,,,,,,,,,,
372,迪安诊断,300244.SZ,2022-05-08 00:00:00,2022-04-15 00:00:00,True,2022-03-09 00:00:00,27.01,2022-04-13 00:00:00,26.66,2022-03-11 00:00:00,30.56,,,,False,,,,,,,,,,
373,深深房A,000029.SZ,2022-05-08 00:00:00,2022-04-15 00:00:00,True,2022-02-17 00:00:00,7.42,2022-03-15 00:00:00,7.5,2022-03-11 00:00:00,7.98,9.4,7.98,,True,,,,,,,,,,
374,蓝焰控股,000968.SZ,2022-05-08 00:00:00,2022-04-15 00:00:00,True,2022-03-15 00:00:00,7.33,2022-04-11 00:00:00,7.25,2022-04-06 00:00:00,8.02,9.35,8.02,,True,,,,,,,,,,
375,中水渔业,000798.SZ,2022-05-08 00:00:00,2022-04-15 00:00:00,True,2022-02-24 00:00:00,6.78,2022-03-10 00:00:00,6.85,2022-03-02 00:00:00,7.48,8.22,7.48,,True,,,,,,,,,,
376,纳尔股份,002825.SZ,2022-05-08 00:00:00,2022-04-15 00:00:00,True,2022-03-15 00:00:00,15.28,2022-04-15 00:00:00,15.03,2022-03-21 00:00:00,19.61,,,,False,,,,,,,,,,
377,*ST东海A,000613.SZ,2022-05-08 00:00:00,2022-04-15 00:00:00,True,2022-03-15 00:00:00,3.58,2022-04-15 00:00:00,3.53,2022-04-12 00:00:00,3.96,,,,False,,,,,,,,,,
378,苑东生物,688513.SH,2022-05-08 00:00:00,2022-04-15 00:00:00,True,2022-02-17 00:00:00,47.58,2022-04-15 00:00:00,48.52,2022-03-21 00:00:00,55.12,,,,False,,,,,,,,,,
379,西上海,605151.SH,2022-05-08 00:00:00,2022-04-15 00:00:00,True,2022-03-15 00:00:00,15.87,2022-04-08 00:00:00,15.75,2022-03-23 00:00:00,16.73,,,,False,,,,,,,,,,
380,传化智联,002010.SZ,2022-05-08 00:00:00,2022-04-15 00:00:00,True,2022-03-15 00:00:00,6.3,2022-03-29 00:00:00,6.26,2022-03-18 00:00:00,6.61,,,,False,,,,,,,,,,
381,一鸣食品,605179.SH,2022-05-08 00:00:00,2022-04-15 00:00:00,True,2022-03-15 00:00:00,11.74,2022-04-11 00:00:00,11.54,2022-03-21 00:00:00,12.39,,,,False,,,,,,,,,,
382,双鹭药业,002038.SZ,2022-05-08 00:00:00,2022-04-15 00:00:00,True,2022-03-09 00:00:00,9.41,2022-03-15 00:00:00,9.46,2022-03-11 00:00:00,10.07,,,,False,,,,,,,,,,
383,运盛医疗,600767.SH,2022-05-08 00:00:00,2022-04-15 00:00:00,True,2022-03-15 00:00:00,6.28,2022-04-15 00:00:00,6.16,2022-03-21 00:00:00,7.17,,,,False,,,,,,,,,,
384,宇新股份,002986.SZ,2022-05-08 00:00:00,2022-04-15 00:00:00,True,2022-03-16 00:00:00,30.8,2022-03-28 00:00:00,30.64,2022-03-18 00:00:00,32.01,34.21,32.01,,True,,,,,,,,,,
385,通达股份,002560.SZ,2022-05-08 00:00:00,2022-04-15 00:00:00,True,2022-03-15 00:00:00,5.16,2022-04-15 00:00:00,5.14,2022-03-23 00:00:00,5.86,,,,False,,,,,,,,,,
386,大地熊,688077.SH,2022-05-08 00:00:00,2022-04-15 00:00:00,True,2022-02-17 00:00:00,67.57,2022-04-15 00:00:00,67.05,2022-03-16 00:00:00,102.28,,,,False,,,,,,,,,,
387,中再资环,600217.SH,2022-05-08 00:00:00,2022-04-15 00:00:00,True,2022-03-15 00:00:00,5.03,2022-04-15 00:00:00,5.02,2022-03-22 00:00:00,5.34,,,,False,,,,,,,,,,
388,迈拓股份,301006.SZ,2022-05-08 00:00:00,2022-04-15 00:00:00,True,2022-03-15 00:00:00,20.24,2022-04-15 00:00:00,19.94,2022-03-31 00:00:00,22.99,,,,False,,,,,,,,,,
389,圣达生物,603079.SH,2022-05-08 00:00:00,2022-04-15 00:00:00,True,2022-03-15 00:00:00,13.64,2022-04-13 00:00:00,13.56,2022-03-31 00:00:00,14.68,,,,False,,,,,,,,,,
390,大为股份,002213.SZ,2022-05-08 00:00:00,2022-04-15 00:00:00,True,2022-03-15 00:00:00,11.61,2022-04-15 00:00:00,11.52,2022-03-23 00:00:00,13.3,,,,False,,,,,,,,,,
391,奥美医疗,002950.SZ,2022-05-08 00:00:00,2022-04-15 00:00:00,True,2022-03-09 00:00:00,11.8,2022-04-15 00:00:00,11.81,2022-03-14 00:00:00,13.4,,,,False,,,,,,,,,,
392,郴电国际,600969.SH,2022-05-08 00:00:00,2022-04-15 00:00:00,True,2022-02-17 00:00:00,7.03,2022-03-15 00:00:00,7.05,2022-03-03 00:00:00,7.8,8.32,7.8,,True,,,,,,,,,,
393,铁岭新城,000809.SZ,2022-05-08 00:00:00,2022-04-15 00:00:00,True,2022-03-09 00:00:00,2.99,2022-03-10 00:00:00,3.0,2022-03-10 00:00:00,3.0,3.32,3.0,,True,,,,,,,,,,
394,斯达半导,603290.SH,2022-05-08 00:00:00,2022-04-15 00:00:00,True,2022-02-21 00:00:00,309.5,2022-04-13 00:00:00,310.69,2022-03-21 00:00:00,415.0,,,,False,,,,,,,,,,
395,富森美,002818.SZ,2022-05-08 00:00:00,2022-04-15 00:00:00,True,2022-03-15 00:00:00,11.35,2022-03-24 00:00:00,11.32,2022-03-22 00:00:00,11.53,11.98,11.53,,True,,,,,,,,,,
396,上海机电,600835.SH,2022-05-08 00:00:00,2022-04-15 00:00:00,True,2022-03-15 00:00:00,12.6,2022-04-11 00:00:00,12.42,2022-03-21 00:00:00,13.81,,,,False,,,,,,,,,,
397,中国中期,000996.SZ,2022-05-08 00:00:00,2022-04-15 00:00:00,True,2022-03-15 00:00:00,6.54,2022-04-11 00:00:00,6.52,2022-04-06 00:00:00,7.04,,,,False,,,,,,,,,,
398,兆驰股份,002429.SZ,2022-05-08 00:00:00,2022-04-15 00:00:00,True,2022-03-15 00:00:00,3.53,2022-04-15 00:00:00,3.51,2022-03-18 00:00:00,3.86,,,,False,,,,,,,,,,
399,中远海科,002401.SZ,2022-05-08 00:00:00,2022-04-15 00:00:00,True,2022-03-15 00:00:00,8.75,2022-03-29 00:00:00,8.72,2022-03-18 00:00:00,9.09,,,,False,,,,,,,,,,
400,通威股份,600438.SH,2022-05-08 00:00:00,2022-04-15 00:00:00,True,2022-02-18 00:00:00,39.06,2022-04-11 00:00:00,39.1,2022-03-16 00:00:00,45.6,,,,False,,,,,,,,,,
401,爱仕达,002403.SZ,2022-05-08 00:00:00,2022-04-15 00:00:00,True,2022-02-24 00:00:00,6.69,2022-04-11 00:00:00,6.79,2022-03-25 00:00:00,7.39,,,,False,,,,,,,,,,
402,永安药业,002365.SZ,2022-05-08 00:00:00,2022-04-15 00:00:00,True,2022-02-17 00:00:00,9.09,2022-03-15 00:00:00,9.13,2022-03-03 00:00:00,9.71,10.5,9.71,,True,,,,,,,,,,
403,朗博科技,603655.SH,2022-05-08 00:00:00,2022-04-15 00:00:00,True,2022-03-15 00:00:00,17.15,2022-03-29 00:00:00,17.1,2022-03-21 00:00:00,18.39,,,,False,,,,,,,,,,
404,爱司凯,300521.SZ,2022-05-08 00:00:00,2022-04-15 00:00:00,True,2022-02-17 00:00:00,13.16,2022-04-11 00:00:00,13.28,2022-02-24 00:00:00,19.84,,,,False,,,,,,,,,,
405,海通证券,600837.SH,2022-05-08 00:00:00,2022-04-15 00:00:00,True,2022-03-15 00:00:00,10.03,2022-04-13 00:00:00,9.98,2022-03-18 00:00:00,10.54,,,,False,,,,,,,,,,
406,泉阳泉,600189.SH,2022-05-08 00:00:00,2022-04-15 00:00:00,True,2022-03-15 00:00:00,6.2,2022-04-11 00:00:00,6.16,2022-03-21 00:00:00,6.69,,,,False,,,,,,,,,,
407,嘉应制药,002198.SZ,2022-05-08 00:00:00,2022-04-15 00:00:00,True,2022-03-15 00:00:00,5.85,2022-04-15 00:00:00,5.75,2022-03-31 00:00:00,6.65,,,,False,,,,,,,,,,
408,*ST万方,000638.SZ,2022-05-08 00:00:00,2022-04-15 00:00:00,True,2022-02-17 00:00:00,5.3,2022-03-15 00:00:00,5.37,2022-03-07 00:00:00,5.92,,,,False,,,,,,,,,,
409,和辉光电-U,688538.SH,2022-05-08 00:00:00,2022-04-15 00:00:00,True,2022-02-17 00:00:00,2.93,2022-04-15 00:00:00,2.95,2022-03-11 00:00:00,3.14,,,,False,,,,,,,,,,
410,聆达股份,300125.SZ,2022-05-08 00:00:00,2022-04-15 00:00:00,True,2022-02-17 00:00:00,13.13,2022-04-08 00:00:00,13.12,2022-03-10 00:00:00,16.13,,,,False,,,,,,,,,,
411,返利科技,600228.SH,2022-05-08 00:00:00,2022-04-15 00:00:00,True,2022-03-15 00:00:00,6.56,2022-04-13 00:00:00,6.53,2022-04-07 00:00:00,6.97,,,,False,,,,,,,,,,
412,江苏吴中,600200.SH,2022-05-08 00:00:00,2022-04-15 00:00:00,True,2022-03-09 00:00:00,6.72,2022-04-11 00:00:00,6.59,2022-03-24 00:00:00,7.4,,,,False,,,,,,,,,,
413,野马电池,605378.SH,2022-05-08 00:00:00,2022-04-15 00:00:00,True,2022-03-15 00:00:00,21.5,2022-04-15 00:00:00,21.48,2022-03-24 00:00:00,27.49,,,,False,,,,,,,,,,
414,龙蟠科技,603906.SH,2022-05-08 00:00:00,2022-04-15 00:00:00,True,2022-03-09 00:00:00,25.55,2022-04-08 00:00:00,25.22,2022-03-23 00:00:00,27.73,,,,False,,,,,,,,,,
415,天成自控,603085.SH,2022-05-08 00:00:00,2022-04-15 00:00:00,True,2022-03-15 00:00:00,6.2,2022-04-11 00:00:00,6.13,2022-04-06 00:00:00,6.63,,,,False,,,,,,,,,,
416,家家悦,603708.SH,2022-05-08 00:00:00,2022-04-15 00:00:00,True,2022-03-08 00:00:00,12.5,2022-03-29 00:00:00,12.53,2022-03-14 00:00:00,13.52,,,,False,,,,,,,,,,
417,快意电梯,002774.SZ,2022-05-08 00:00:00,2022-04-15 00:00:00,True,2022-03-08 00:00:00,8.98,2022-04-08 00:00:00,8.95,2022-03-21 00:00:00,11.25,,,,False,,,,,,,,,,
418,东晶电子,002199.SZ,2022-05-08 00:00:00,2022-04-15 00:00:00,True,2022-03-15 00:00:00,7.01,2022-04-11 00:00:00,6.94,2022-03-23 00:00:00,7.52,,,,False,,,,,,,,,,
419,大全能源,688303.SH,2022-05-08 00:00:00,2022-04-15 00:00:00,True,2022-02-21 00:00:00,49.45,2022-04-13 00:00:00,49.0,2022-03-11 00:00:00,63.28,,,,False,,,,,,,,,,
420,兴蓉环境,000598.SZ,2022-05-08 00:00:00,2022-04-15 00:00:00,True,2022-03-15 00:00:00,4.96,2022-03-29 00:00:00,4.91,2022-03-18 00:00:00,5.1,,,,False,,,,,,,,,,
421,晶华新材,603683.SH,2022-05-08 00:00:00,2022-04-15 00:00:00,True,2022-03-15 00:00:00,9.34,2022-04-15 00:00:00,9.17,2022-04-06 00:00:00,10.17,,,,False,,,,,,,,,,
422,爱施德,002416.SZ,2022-05-08 00:00:00,2022-04-15 00:00:00,True,2022-03-15 00:00:00,8.45,2022-04-15 00:00:00,8.42,2022-04-06 00:00:00,9.2,,,,False,,,,,,,,,,
423,菱电电控,688667.SH,2022-05-08 00:00:00,2022-04-15 00:00:00,True,2022-03-14 00:00:00,100.99,2022-04-13 00:00:00,100.52,2022-03-31 00:00:00,131.5,,,,False,,,,,,,,,,
424,同德化工,002360.SZ,2022-05-08 00:00:00,2022-04-15 00:00:00,True,2022-03-15 00:00:00,7.0,2022-04-15 00:00:00,6.98,2022-04-11 00:00:00,7.61,,,,False,,,,,,,,,,
425,大胜达,603687.SH,2022-05-08 00:00:00,2022-04-15 00:00:00,True,2022-03-15 00:00:00,8.7,2022-04-11 00:00:00,8.65,2022-04-06 00:00:00,9.22,,,,False,,,,,,,,,,
426,ST方科,600601.SH,2022-05-08 00:00:00,2022-04-15 00:00:00,True,2022-03-15 00:00:00,2.29,2022-04-15 00:00:00,2.25,2022-03-22 00:00:00,2.6,,,,False,,,,,,,,,,
427,设研院,300732.SZ,2022-05-08 00:00:00,2022-04-15 00:00:00,True,2022-03-15 00:00:00,13.88,2022-04-15 00:00:00,13.77,2022-04-11 00:00:00,17.0,,,,False,,,,,,,,,,
428,西藏旅游,600749.SH,2022-05-08 00:00:00,2022-04-15 00:00:00,True,2022-02-28 00:00:00,11.67,2022-03-15 00:00:00,11.88,2022-03-11 00:00:00,13.55,,,,False,,,,,,,,,,
429,奥园美谷,000615.SZ,2022-05-08 00:00:00,2022-04-15 00:00:00,True,2022-03-09 00:00:00,7.05,2022-03-15 00:00:00,7.15,2022-03-11 00:00:00,7.88,8.8,7.88,,True,,,,,,,,,,
430,淮北矿业,600985.SH,2022-05-08 00:00:00,2022-04-15 00:00:00,True,2022-02-17 00:00:00,12.34,2022-03-15 00:00:00,12.45,2022-03-10 00:00:00,14.42,16.11,14.42,,True,,,,,,,,,,
431,吉药控股,300108.SZ,2022-05-08 00:00:00,2022-04-15 00:00:00,True,2022-02-17 00:00:00,3.08,2022-03-15 00:00:00,3.1,2022-02-24 00:00:00,3.53,,,,False,,,,,,,,,,
432,海利生物,603718.SH,2022-05-08 00:00:00,2022-04-15 00:00:00,True,2022-03-10 00:00:00,12.54,2022-04-13 00:00:00,12.5,2022-03-15 00:00:00,13.88,,,,False,,,,,,,,,,
433,西藏药业,600211.SH,2022-05-08 00:00:00,2022-04-15 00:00:00,True,2022-03-09 00:00:00,37.67,2022-04-15 00:00:00,37.14,2022-03-31 00:00:00,44.09,,,,False,,,,,,,,,,
434,益盛药业,002566.SZ,2022-05-08 00:00:00,2022-04-15 00:00:00,True,2022-02-17 00:00:00,7.79,2022-03-15 00:00:00,7.84,2022-03-03 00:00:00,8.48,8.92,8.48,,True,,,,,,,,,,
435,招商轮船,601872.SH,2022-05-08 00:00:00,2022-04-15 00:00:00,True,2022-03-15 00:00:00,3.82,2022-03-24 00:00:00,3.81,2022-03-16 00:00:00,3.93,5.34,3.93,,True,,,,,,,,,,
436,盛通股份,002599.SZ,2022-05-08 00:00:00,2022-04-15 00:00:00,True,2022-03-15 00:00:00,5.15,2022-04-15 00:00:00,5.11,2022-04-06 00:00:00,6.07,,,,False,,,,,,,,,,
437,肇民科技,301000.SZ,2022-05-08 00:00:00,2022-04-15 00:00:00,True,2022-03-15 00:00:00,51.03,2022-04-15 00:00:00,50.9,2022-04-07 00:00:00,57.25,,,,False,,,,,,,,,,
438,中银证券,601696.SH,2022-05-08 00:00:00,2022-04-15 00:00:00,True,2022-03-09 00:00:00,10.73,2022-03-10 00:00:00,10.77,2022-03-10 00:00:00,10.77,14.08,10.77,,True,,,,,,,,,,
439,神思电子,300479.SZ,2022-05-08 00:00:00,2022-04-15 00:00:00,True,2022-03-10 00:00:00,20.88,2022-04-15 00:00:00,20.8,2022-03-17 00:00:00,28.34,,,,False,,,,,,,,,,
440,康斯特,300445.SZ,2022-05-08 00:00:00,2022-04-15 00:00:00,True,2022-03-15 00:00:00,11.57,2022-04-15 00:00:00,11.4,2022-03-22 00:00:00,12.57,,,,False,,,,,,,,,,
441,华图山鼎,300492.SZ,2022-05-08 00:00:00,2022-04-15 00:00:00,True,2022-03-15 00:00:00,35.5,2022-04-15 00:00:00,35.1,2022-03-23 00:00:00,39.06,,,,False,,,,,,,,,,
442,东杰智能,300486.SZ,2022-05-08 00:00:00,2022-04-15 00:00:00,True,2022-03-09 00:00:00,8.88,2022-04-11 00:00:00,8.8,2022-03-11 00:00:00,9.85,,,,False,,,,,,,,,,
443,蓝黛科技,002765.SZ,2022-05-08 00:00:00,2022-04-15 00:00:00,True,2022-03-15 00:00:00,6.53,2022-04-15 00:00:00,6.51,2022-03-28 00:00:00,7.82,,,,False,,,,,,,,,,
444,真视通,002771.SZ,2022-05-08 00:00:00,2022-04-15 00:00:00,True,2022-02-17 00:00:00,10.1,2022-04-15 00:00:00,10.13,2022-03-02 00:00:00,15.25,,,,False,,,,,,,,,,
445,东风汽车,600006.SH,2022-05-08 00:00:00,2022-04-15 00:00:00,True,2022-03-15 00:00:00,5.17,2022-04-11 00:00:00,5.07,2022-03-23 00:00:00,5.57,,,,False,,,,,,,,,,
446,天际股份,002759.SZ,2022-05-08 00:00:00,2022-04-15 00:00:00,True,2022-03-09 00:00:00,24.12,2022-04-11 00:00:00,24.05,2022-03-21 00:00:00,31.49,,,,False,,,,,,,,,,
447,美瑞新材,300848.SZ,2022-05-08 00:00:00,2022-04-15 00:00:00,True,2022-03-15 00:00:00,27.51,2022-03-28 00:00:00,27.2,2022-03-21 00:00:00,28.55,30.33,28.55,,True,,,,,,,,,,
448,中航沈飞,600760.SH,2022-05-08 00:00:00,2022-04-15 00:00:00,True,2022-03-08 00:00:00,51.05,2022-04-13 00:00:00,50.47,2022-03-25 00:00:00,59.8,,,,False,,,,,,,,,,
449,朝阳科技,002981.SZ,2022-05-08 00:00:00,2022-04-15 00:00:00,True,2022-03-15 00:00:00,20.98,2022-04-11 00:00:00,20.78,2022-04-06 00:00:00,22.55,,,,False,,,,,,,,,,
450,中装建设,002822.SZ,2022-05-08 00:00:00,2022-04-15 00:00:00,True,2022-03-04 00:00:00,6.0,2022-04-15 00:00:00,5.97,2022-03-21 00:00:00,7.19,,,,False,,,,,,,,,,
451,梅轮电梯,603321.SH,2022-05-08 00:00:00,2022-04-15 00:00:00,True,2022-03-08 00:00:00,7.19,2022-04-07 00:00:00,7.12,2022-03-21 00:00:00,8.67,,,,False,,,,,,,,,,
452,姚记科技,002605.SZ,2022-05-08 00:00:00,2022-04-15 00:00:00,True,2022-03-15 00:00:00,17.55,2022-04-15 00:00:00,17.34,2022-04-06 00:00:00,21.09,,,,False,,,,,,,,,,
453,海南发展,002163.SZ,2022-05-08 00:00:00,2022-04-15 00:00:00,True,2022-03-15 00:00:00,9.51,2022-03-29 00:00:00,9.45,2022-03-18 00:00:00,10.43,10.91,10.43,,True,,,,,,,,,,
454,维力医疗,603309.SH,2022-05-08 00:00:00,2022-04-15 00:00:00,True,2022-03-09 00:00:00,13.16,2022-04-15 00:00:00,13.16,2022-03-21 00:00:00,14.8,,,,False,,,,,,,,,,
455,福田汽车,600166.SH,2022-05-08 00:00:00,2022-04-15 00:00:00,True,2022-03-15 00:00:00,2.47,2022-04-11 00:00:00,2.46,2022-04-06 00:00:00,2.69,,,,False,,,,,,,,,,
456,起帆电缆,605222.SH,2022-05-08 00:00:00,2022-04-15 00:00:00,True,2022-03-15 00:00:00,19.39,2022-04-11 00:00:00,19.19,2022-03-23 00:00:00,21.13,,,,False,,,,,,,,,,
457,新亚制程,002388.SZ,2022-05-08 00:00:00,2022-04-15 00:00:00,True,2022-03-15 00:00:00,5.03,2022-04-11 00:00:00,4.94,2022-03-22 00:00:00,5.35,,,,False,,,,,,,,,,
458,中船应急,300527.SZ,2022-05-08 00:00:00,2022-04-15 00:00:00,True,2022-03-15 00:00:00,8.06,2022-04-11 00:00:00,8.04,2022-03-21 00:00:00,8.53,9.05,8.53,True,True,5.3551,True,35305933,14903975.538461538,,,,,,
459,常山药业,300255.SZ,2022-05-08 00:00:00,2022-04-15 00:00:00,True,2022-03-09 00:00:00,6.9,2022-04-13 00:00:00,6.81,2022-03-24 00:00:00,7.88,,,,False,,,,,,,,,,
460,ST联建,300269.SZ,2022-05-08 00:00:00,2022-04-15 00:00:00,True,2022-03-08 00:00:00,3.34,2022-04-15 00:00:00,3.32,2022-04-06 00:00:00,3.84,,,,False,,,,,,,,,,
461,深大通,000038.SZ,2022-05-08 00:00:00,2022-04-15 00:00:00,True,2022-03-03 00:00:00,8.57,2022-03-18 00:00:00,8.63,2022-03-09 00:00:00,8.95,,,,False,,,,,,,,,,
462,长鸿高科,605008.SH,2022-05-08 00:00:00,2022-04-15 00:00:00,True,2022-03-15 00:00:00,10.79,2022-04-15 00:00:00,10.72,2022-03-23 00:00:00,11.67,,,,False,,,,,,,,,,
463,星辉娱乐,300043.SZ,2022-05-08 00:00:00,2022-04-15 00:00:00,True,2022-03-15 00:00:00,2.96,2022-04-15 00:00:00,2.95,2022-04-06 00:00:00,3.4,,,,False,,,,,,,,,,
464,安达维尔,300719.SZ,2022-05-08 00:00:00,2022-04-15 00:00:00,True,2022-03-15 00:00:00,10.51,2022-04-13 00:00:00,10.33,2022-03-22 00:00:00,13.32,,,,False,,,,,,,,,,
465,广电网络,600831.SH,2022-05-08 00:00:00,2022-04-15 00:00:00,True,2022-02-17 00:00:00,6.06,2022-03-15 00:00:00,6.09,2022-02-23 00:00:00,7.28,,,,False,,,,,,,,,,
466,常山北明,000158.SZ,2022-05-08 00:00:00,2022-04-15 00:00:00,True,2022-03-15 00:00:00,6.13,2022-04-13 00:00:00,6.1,2022-03-28 00:00:00,6.84,,,,False,,,,,,,,,,
467,帝欧家居,002798.SZ,2022-05-08 00:00:00,2022-04-15 00:00:00,True,2022-03-15 00:00:00,10.38,2022-03-29 00:00:00,10.37,2022-03-22 00:00:00,11.2,,,,False,,,,,,,,,,
468,鲁抗医药,600789.SH,2022-05-08 00:00:00,2022-04-15 00:00:00,True,2022-03-09 00:00:00,6.3,2022-03-15 00:00:00,6.4,2022-03-11 00:00:00,6.81,,,,False,,,,,,,,,,
469,三鑫医疗,300453.SZ,2022-05-08 00:00:00,2022-04-15 00:00:00,True,2022-03-09 00:00:00,10.15,2022-04-15 00:00:00,10.06,2022-03-21 00:00:00,11.3,,,,False,,,,,,,,,,
470,吉艾科技,300309.SZ,2022-05-08 00:00:00,2022-04-15 00:00:00,True,2022-03-15 00:00:00,2.31,2022-04-15 00:00:00,2.3,2022-03-16 00:00:00,2.69,,,,False,,,,,,,,,,
471,永创智能,603901.SH,2022-05-08 00:00:00,2022-04-15 00:00:00,True,2022-03-15 00:00:00,12.12,2022-04-13 00:00:00,12.04,2022-03-18 00:00:00,13.6,,,,False,,,,,,,,,,
472,赛升药业,300485.SZ,2022-05-08 00:00:00,2022-04-15 00:00:00,True,2022-02-17 00:00:00,13.24,2022-04-13 00:00:00,13.01,2022-03-18 00:00:00,17.18,,,,False,,,,,,,,,,
473,巨人网络,002558.SZ,2022-05-08 00:00:00,2022-04-15 00:00:00,True,2022-03-09 00:00:00,8.81,2022-03-10 00:00:00,8.85,2022-03-10 00:00:00,8.85,9.16,8.85,,True,,,,,,,,,,
474,智飞生物,300122.SZ,2022-05-08 00:00:00,2022-04-15 00:00:00,True,2022-03-08 00:00:00,116.52,2022-04-15 00:00:00,115.98,2022-03-21 00:00:00,141.39,,,,False,,,,,,,,,,
475,宏和科技,603256.SH,2022-05-08 00:00:00,2022-04-15 00:00:00,True,2022-03-15 00:00:00,7.3,2022-04-13 00:00:00,7.24,2022-04-06 00:00:00,8.0,,,,False,,,,,,,,,,
476,锦泓集团,603518.SH,2022-05-08 00:00:00,2022-04-15 00:00:00,True,2022-03-15 00:00:00,8.92,2022-04-15 00:00:00,8.84,2022-04-06 00:00:00,10.08,,,,False,,,,,,,,,,
477,新潮能源,600777.SH,2022-05-08 00:00:00,2022-04-15 00:00:00,True,2022-03-15 00:00:00,1.85,2022-04-11 00:00:00,1.82,2022-03-22 00:00:00,2.07,,,,False,,,,,,,,,,
478,重药控股,000950.SZ,2022-05-08 00:00:00,2022-04-15 00:00:00,True,2022-02-17 00:00:00,4.91,2022-03-15 00:00:00,4.99,2022-03-07 00:00:00,6.15,,,,False,,,,,,,,,,
479,凯莱英,002821.SZ,2022-05-08 00:00:00,2022-04-15 00:00:00,True,2022-02-18 00:00:00,307.19,2022-04-13 00:00:00,302.58,2022-03-30 00:00:00,374.59,,,,False,,,,,,,,,,
480,朗科科技,300042.SZ,2022-05-08 00:00:00,2022-04-15 00:00:00,True,2022-03-09 00:00:00,12.7,2022-03-15 00:00:00,12.93,2022-03-11 00:00:00,13.47,14.27,13.47,,True,,,,,,,,,,
481,常铝股份,002160.SZ,2022-05-08 00:00:00,2022-04-15 00:00:00,True,2022-03-15 00:00:00,4.24,2022-04-11 00:00:00,4.21,2022-03-22 00:00:00,4.65,,,,False,,,,,,,,,,
482,盟升电子,688311.SH,2022-05-08 00:00:00,2022-04-15 00:00:00,True,2022-03-09 00:00:00,54.21,2022-03-15 00:00:00,54.8,2022-03-11 00:00:00,60.0,64.51,60.0,,True,,,,,,,,,,
483,游族网络,002174.SZ,2022-05-08 00:00:00,2022-04-15 00:00:00,True,2022-03-15 00:00:00,10.49,2022-04-11 00:00:00,10.35,2022-04-06 00:00:00,11.46,,,,False,,,,,,,,,,
484,新日恒力,600165.SH,2022-05-08 00:00:00,2022-04-15 00:00:00,True,2022-03-23 00:00:00,8.78,2022-04-15 00:00:00,8.63,2022-04-06 00:00:00,9.39,,,,False,,,,,,,,,,
485,中集集团,000039.SZ,2022-05-08 00:00:00,2022-04-15 00:00:00,True,2022-03-15 00:00:00,13.32,2022-04-11 00:00:00,13.13,2022-03-18 00:00:00,14.25,,,,False,,,,,,,,,,
486,恒信东方,300081.SZ,2022-05-08 00:00:00,2022-04-15 00:00:00,True,2022-02-24 00:00:00,10.45,2022-04-15 00:00:00,10.39,2022-04-06 00:00:00,15.48,,,,False,,,,,,,,,,
487,国芳集团,601086.SH,2022-05-08 00:00:00,2022-04-15 00:00:00,True,2022-03-09 00:00:00,3.75,2022-03-15 00:00:00,3.75,2022-03-14 00:00:00,4.02,4.57,4.02,,True,,,,,,,,,,
488,海澜之家,600398.SH,2022-05-08 00:00:00,2022-04-15 00:00:00,True,2022-03-15 00:00:00,5.2,2022-04-11 00:00:00,5.18,2022-03-22 00:00:00,5.51,,,,False,,,,,,,,,,
489,晨丰科技,603685.SH,2022-05-08 00:00:00,2022-04-15 00:00:00,True,2022-03-15 00:00:00,10.68,2022-04-15 00:00:00,10.58,2022-04-06 00:00:00,11.36,,,,False,,,,,,,,,,
490,仟源医药,300254.SZ,2022-05-08 00:00:00,2022-04-15 00:00:00,True,2022-02-17 00:00:00,8.3,2022-04-13 00:00:00,8.42,2022-03-07 00:00:00,12.48,,,,False,,,,,,,,,,
491,飞力达,300240.SZ,2022-05-08 00:00:00,2022-04-15 00:00:00,True,2022-03-15 00:00:00,7.13,2022-04-08 00:00:00,7.01,2022-03-21 00:00:00,7.46,8.52,7.46,,True,,,,,,,,,,
492,汉王科技,002362.SZ,2022-05-08 00:00:00,2022-04-15 00:00:00,True,2022-03-15 00:00:00,14.17,2022-04-15 00:00:00,13.9,2022-03-17 00:00:00,16.01,,,,False,,,,,,,,,,
493,三元股份,600429.SH,2022-05-08 00:00:00,2022-04-15 00:00:00,True,2022-03-15 00:00:00,5.22,2022-04-11 00:00:00,5.13,2022-03-21 00:00:00,5.47,,,,False,,,,,,,,,,
494,润达医疗,603108.SH,2022-05-08 00:00:00,2022-04-15 00:00:00,True,2022-03-09 00:00:00,10.52,2022-04-15 00:00:00,10.71,2022-03-25 00:00:00,13.06,,,,False,,,,,,,,,,
